项目,文件名,日期,原文件名,大小,描述,置信度,时长秒,分辨率,帧率,有无音轨,重复于,可用起点秒,可用终点秒,功能位,画质等级,画面元素,镜头特征,工序阶段,脱敏风险,缩略图路径,标注执行者,标注日期,复核状态
化工群,化工_氯化铵8-14#盖板_260816_001.jpg,260816,000b647c2c665ee492222b3bbf29d0a5.jpg,422747,氯化铵8-14#盖板,高,,,,,,,,,,,,验收,无,,程序化,260822,已复核通过
化工群,化工_现场施工_260611_001.jpg,260611,003c8c8e7328941f63a5d55ab01a012f.jpg,393297,现场施工,高,,,,,,,,,,,,施工,无,,程序化,260822,已复核通过
化工群,化工_现场施工_260708_001.jpg,260708,00bfbe2ed611a7c5496b88e941c18d93.jpg,426874,现场施工,高,,,,,,,,,,,,施工,无,,程序化,260822,已复核通过
化工群,化工_氯化铵沟槽_260627_001.jpg,260627,00fcbc47dc1a065fdbce8a5a8d487845.jpg,381852,氯化铵沟槽,高,,,,,,,,,,,,验收,无,,程序化,260822,已复核通过
化工群,化工_现场施工_260721_001.jpg,260721,0126c869470a2ad7fcda7aaae70bd20f.jpg,682721,现场施工,高,,,,,,,,,,,,施工,无,,程序化,260822,已复核通过
化工群,化工_现场施工_260803_001.jpg,260803,012b286a367a6974a4537d734cbac8b8.jpg,581648,现场施工,高,,,,,,,,,,,,施工,无,,程序化,260822,已复核通过
化工群,化工_现场施工_260528_001.jpg,260528,01351cdc6d182ad98c2eb0d687b020ba.jpg,335997,现场施工,高,,,,,,,,,,,,施工,无,,程序化,260822,已复核通过
化工群,化工_现场施工_260611_002.jpg,260611,0183ce6a4d8cc51de4bc4565eae627ff.jpg,620882,现场施工,高,,,,,,,,,,,,施工,无,,程序化,260822,已复核通过
化工群,化工_混凝土沟槽_260708_001.jpg,260708,019e9d19407a15d81b067eb9827fd6a6.jpg,605163,混凝土沟槽,高,,,,,,,,,,,,验收,无,,程序化,260822,已复核通过
化工群,化工_现场施工_260716_001.jpg,260716,020415fe554b93b48de6267ed0ee39ff.jpg,1242757,现场施工,高,,,,,,,,,,,,施工,无,,程序化,260822,已复核通过
化工群,化工_现场施工_260530_001.jpg,260530,027f571294bb62a3c96b269479544b65.jpg,692806,现场施工,高,,,,,,,,,,,,施工,无,,程序化,260822,已复核通过
化工群,化工_现场施工_260715_001.jpg,260715,0280baa2107e872967a39ed926c2ebf5.jpg,1226006,现场施工,高,,,,,,,,,,,,施工,无,,程序化,260822,已复核通过
化工群,化工_现场施工_260717_001.jpg,260717,02d07cd8afc03fab2e6a7f70752b5b27.jpg,725140,现场施工,高,,,,,,,,,,,,施工,无,,程序化,260822,已复核通过
化工群,化工_现场施工_260726_001.jpg,260726,030bcb6a83aef6f2af99ce496f3812c7.jpg,383960,现场施工,高,,,,,,,,,,,,施工,无,,程序化,260822,已复核通过
化工群,化工_现场施工_260613_001.jpg,260613,031be87353b5c986948764bd52389827.jpg,282249,现场施工,高,,,,,,,,,,,,施工,无,,程序化,260822,已复核通过
化工群,化工_氯化铵5 6 8#污水池_260711_001.jpg,260711,032b174864c365614a9e1bac2df761e0.jpg,365002,氯化铵5 6 8#污水池,高,,,,,,,,,,,,验收,无,,程序化,260822,已复核通过
化工群,化工_现场施工_260807_001.jpg,260807,032f9c90c5af7300d765a30cd0dcc8fc.jpg,715365,现场施工,高,,,,,,,,,,,,施工,无,,程序化,260822,已复核通过
化工群,化工_现场施工_260717_002.jpg,260717,03c56b137a8e09b953a59e62a1ab4656.jpg,725783,现场施工,高,,,,,,,,,,,,施工,无,,程序化,260822,已复核通过
化工群,化工_现场施工_260809_001.jpg,260809,03c86b66e423cdea82f802e6f98bde8d.jpg,411720,现场施工,高,,,,,,,,,,,,施工,无,,程序化,260822,已复核通过
化工群,化工_现场施工_260609_001.jpg,260609,03e4fd350bfb33d3cae13610c06b2bbc.jpg,507665,现场施工,高,,,,,,,,,,,,施工,无,,程序化,260822,已复核通过
化工群,化工_现场施工_260803_002.jpg,260803,041fc60a8d95be1b5aec4b3016aa81e3.jpg,400786,现场施工,高,,,,,,,,,,,,施工,无,,程序化,260822,已复核通过
化工群,化工_现场施工_260530_002.jpg,260530,0429ebb34e4c88bc6d8a377288295016.jpg,441338,现场施工,高,,,,,,,,,,,,施工,无,,程序化,260822,已复核通过
化工群,化工_现场施工_260614_001.jpg,260614,047e80b9631a269734676a83e0bd4ef2.jpg,297952,现场施工,高,,,,,,,,,,,,施工,无,,程序化,260822,已复核通过
化工群,化工_现场施工_260717_003.jpg,260717,048c8980c1550354bd7ae81c7b5ed9b5.jpg,722367,现场施工,高,,,,,,,,,,,,施工,无,,程序化,260822,已复核通过
化工群,化工_现场施工_260803_003.jpg,260803,04ad50d297a60a552962840152fd48d3.jpg,484894,现场施工,高,,,,,,,,,,,,施工,无,,程序化,260822,已复核通过
化工群,化工_现场施工_260701_001.jpg,260701,04b260219d001e952397f08883c0a844.jpg,409094,现场施工,高,,,,,,,,,,,,施工,无,,程序化,260822,已复核通过
化工群,化工_现场施工_260614_002.jpg,260614,04e15b707b03524cb488000a90484e96.jpg,429115,现场施工,高,,,,,,,,,,,,施工,无,,程序化,260822,已复核通过
化工群,化工_现场施工_260705_001.jpg,260705,05225eaadeb06fb7513064b1d8eb842f.jpg,381387,现场施工,高,,,,,,,,,,,,施工,无,,程序化,260822,已复核通过
化工群,化工_现场施工_260622_001.jpg,260622,0547b56f57810b9813ee1c3cdd1a8c98.jpg,327816,现场施工,高,,,,,,,,,,,,施工,无,,程序化,260822,已复核通过
化工群,化工_现场施工_260625_001.jpg,260625,055ac1bffa3b66169d886d5c5c05525b.jpg,494075,现场施工,高,,,,,,,,,,,,施工,无,,程序化,260822,已复核通过
化工群,化工_现场施工_260605_001.jpg,260605,059864ee107f835b86ccd2cd7c8dc610.jpg,2791097,现场施工,高,,,,,,,,,,,,施工,无,,程序化,260822,已复核通过
化工群,化工_现场施工_260721_002.jpg,260721,05d0039642262833fbcae176cdef0004.jpg,355631,现场施工,高,,,,,,,,,,,,施工,无,,程序化,260822,已复核通过
化工群,化工_现场施工_260613_002.jpg,260613,060d388745bc44e7ffc67654b9dd322c.jpg,315100,现场施工,高,,,,,,,,,,,,施工,无,,程序化,260822,已复核通过
化工群,化工_现场施工_260708_002.jpg,260708,0646300721ace1bf31f553af97b49f48.jpg,977249,现场施工,高,,,,,,,,,,,,施工,无,,程序化,260822,已复核通过
化工群,化工_现场施工_260622_002.jpg,260622,065f6263cc8c2d90aa2f024247aac003.jpg,393472,现场施工,高,,,,,,,,,,,,施工,无,,程序化,260822,已复核通过
化工群,化工_现场施工_260724_001.jpg,260724,069efad3715f63a196e009c1fd736963.jpg,584219,现场施工,高,,,,,,,,,,,,施工,无,,程序化,260822,已复核通过
化工群,化工_现场施工_260610_001.jpg,260610,06a036ec3c2b8cadd9019fdc262387b4.jpg,309639,现场施工,高,,,,,,,,,,,,施工,无,,程序化,260822,已复核通过
化工群,化工_现场施工_260612_001.jpg,260612,07053d073870d1c427a6d9bf2afe0b93.jpg,470772,现场施工,高,,,,,,,,,,,,施工,无,,程序化,260822,已复核通过
化工群,化工_纯碱6号_260628_001.jpg,260628,070c23eb53246e7ffa23876dc9e5b2da.jpg,484145,纯碱6号,高,,,,,,,,,,,,验收,无,,程序化,260822,已复核通过
化工群,化工_现场施工_260716_002.jpg,260716,08042b2dbe81c75092823200591b29ce.jpg,1500617,现场施工,高,,,,,,,,,,,,施工,无,,程序化,260822,已复核通过
化工群,化工_纯碱新增6789检查井_260726_001.jpg,260726,0836fa8e658af3e0dbf606193efdfb34.jpg,362771,纯碱新增6789检查井,高,,,,,,,,,,,,验收,无,,程序化,260822,已复核通过
化工群,化工_现场施工_260617_001.jpg,260617,087aacc24c4a92bb3fa20868170f5d23.jpg,518876,现场施工,高,,,,,,,,,,,,施工,无,,程序化,260822,已复核通过
化工群,化工_现场施工_260601_001.jpg,260601,088ae4b107bb3fa5f08609134862f3c9.jpg,486713,现场施工,高,,,,,,,,,,,,施工,无,,程序化,260822,已复核通过
化工群,化工_现场施工_260618_001.jpg,260618,09306fe545af21e47d3149356582ff06.jpg,334949,现场施工,高,,,,,,,,,,,,施工,无,,程序化,260822,已复核通过
化工群,化工_现场施工_260617_002.jpg,260617,096bfcc054affcdf5810dd0fd952f176.jpg,354123,现场施工,高,,,,,,,,,,,,施工,无,,程序化,260822,已复核通过
化工群,化工_氯化铵8-14#盖板_260816_002.jpg,260816,096e95e5b7a337317aa6fc7c8cbe71cf.jpg,481309,氯化铵8-14#盖板,高,,,,,,,,,,,,验收,无,,程序化,260822,已复核通过
化工群,化工_现场施工_260716_003.jpg,260716,09d13b5c777c08b67e0828db2ae7a9e2.jpg,722279,现场施工,高,,,,,,,,,,,,施工,无,,程序化,260822,已复核通过
化工群,化工_现场施工_260717_004.jpg,260717,0a1da9d8bf079240f83a5b1e406a9464.jpg,628554,现场施工,高,,,,,,,,,,,,施工,无,,程序化,260822,已复核通过
化工群,化工_现场施工_260810_001.jpg,260810,0a3962d88876287248efeeb266c1c32a.jpg,1283130,现场施工,高,,,,,,,,,,,,施工,无,,程序化,260822,已复核通过
化工群,化工_现场施工_260626_001.jpg,260626,0a4feb55317c5f53eb6a3b5c0261a492.jpg,305579,现场施工,高,,,,,,,,,,,,施工,无,,程序化,260822,已复核通过
化工群,化工_现场施工_260531_001.jpg,260531,0a6d5d6293af0844aa4afb1aa07c2e86.jpg,731390,现场施工,高,,,,,,,,,,,,施工,无,,程序化,260822,已复核通过
化工群,化工_现场施工_260731_001.jpg,260731,0a7636b172f2e72da32d08989843e01b.jpg,521169,现场施工,高,,,,,,,,,,,,施工,无,,程序化,260822,已复核通过
化工群,化工_现场施工_260716_004.jpg,260716,0a82873d81872f3fc82925222428876f.jpg,1228078,现场施工,高,,,,,,,,,,,,施工,无,,程序化,260822,已复核通过
化工群,化工_现场施工_260706_001.jpg,260706,0b20e8ebf3381c07fc1dcfaea460d2ca.jpg,391408,现场施工,高,,,,,,,,,,,,施工,无,,程序化,260822,已复核通过
化工群,化工_现场施工_260630_001.jpg,260630,0b24413df9de6ad3ee732bc2b4b069bd.jpg,175068,现场施工,高,,,,,,,,,,,,施工,无,,程序化,260822,已复核通过
化工群,化工_现场施工_260715_002.jpg,260715,0b2e62b6e48c99029e1696300e785b20.jpg,1427913,现场施工,高,,,,,,,,,,,,施工,无,,程序化,260822,已复核通过
化工群,化工_氯化铵5 6 8#污水池_260711_002.jpg,260711,0b4b16b5018c469455b6fe946b415354.jpg,2857163,氯化铵5 6 8#污水池,高,,,,,,,,,,,,验收,无,,程序化,260822,已复核通过
化工群,化工_现场施工_260621_001.jpg,260621,0b4cbf2f6dd8bd2e2d40e6ac9d465edf.jpg,270557,现场施工,高,,,,,,,,,,,,施工,无,,程序化,260822,已复核通过
化工群,化工_现场施工_260614_003.jpg,260614,0c1a031286b6a9fd2b2485a267f4b05d.jpg,431199,现场施工,高,,,,,,,,,,,,施工,无,,程序化,260822,已复核通过
化工群,化工_纯碱2号_260715_001.jpg,260715,0c4b8952bdfebd6b92682b5547e6a6a9.jpg,500605,纯碱2号,高,,,,,,,,,,,,验收,无,,程序化,260822,已复核通过
化工群,化工_现场施工_260605_002.jpg,260605,0c806daa06f9a85ed59213d69f959d8d.jpg,897893,现场施工,高,,,,,,,,,,,,施工,无,,程序化,260822,已复核通过
化工群,化工_现场施工_260613_003.jpg,260613,0cd48d8cb439d2dff3638d48607c7f30.jpg,380662,现场施工,高,,,,,,,,,,,,施工,无,,程序化,260822,已复核通过
化工群,化工_纯碱236#污水池清淤_260813_001.jpg,260813,0cfb6181f4df301fc719b027292670cd.jpg,6660589,纯碱236#污水池清淤,高,,,,,,,,,,,,验收,无,,程序化,260822,已复核通过
化工群,化工_现场施工_260707_001.jpg,260707,0d2abc6d7790bfd81047d67ec5e28c3f.jpg,474687,现场施工,高,,,,,,,,,,,,施工,无,,程序化,260822,已复核通过
化工群,化工_现场施工_260717_005.jpg,260717,0d4336d3933caf000b0bf0b3a6046f2f.jpg,501216,现场施工,高,,,,,,,,,,,,施工,无,,程序化,260822,已复核通过
化工群,化工_现场施工_260705_002.jpg,260705,0d7ce7b230dcc1b056d8d8b6925e010a.jpg,484943,现场施工,高,,,,,,,,,,,,施工,无,,程序化,260822,已复核通过
化工群,化工_现场施工_260616_001.jpg,260616,0d8d630192ed46f915a0f50b8c111bfd.jpg,213464,现场施工,高,,,,,,,,,,,,施工,无,,程序化,260822,已复核通过
化工群,化工_现场施工_260626_002.jpg,260626,0d9701581f82332694683b9ceda69553.jpg,471739,现场施工,高,,,,,,,,,,,,施工,无,,程序化,260822,已复核通过
化工群,化工_J05-J07_260703_001.jpg,260703,0da3c24c85f51bd9b9587f769b42a773.jpg,434988,J05-J07,高,,,,,,,,,,,,验收,无,,程序化,260822,已复核通过
化工群,化工_现场施工_260803_004.jpg,260803,0eb14dd94ad00728c37c728d375ae5e0.jpg,574143,现场施工,高,,,,,,,,,,,,施工,无,,程序化,260822,已复核通过
化工群,化工_现场施工_260707_002.jpg,260707,0f9cc1b5c971399eccf4c7f2def745fc.jpg,372094,现场施工,高,,,,,,,,,,,,施工,无,,程序化,260822,已复核通过
化工群,化工_现场施工_260716_005.jpg,260716,0fa876f39166ba7dcc64b04376e295d9.jpg,496064,现场施工,高,,,,,,,,,,,,施工,无,,程序化,260822,已复核通过
化工群,化工_现场施工_260531_002.jpg,260531,0faeaf06829d8500a5200d4edc9e98e8.jpg,773607,现场施工,高,,,,,,,,,,,,施工,无,,程序化,260822,已复核通过
化工群,化工_现场施工_260624_001.jpg,260624,0fc4bbebf26849bfae3e8549531aa204.jpg,448002,现场施工,高,,,,,,,,,,,,施工,无,,程序化,260822,已复核通过
化工群,化工_现场施工_260625_002.jpg,260625,0fddb0c54dc4d9e4b4e7b675a01582b2.jpg,223865,现场施工,高,,,,,,,,,,,,施工,无,,程序化,260822,已复核通过
化工群,化工_现场施工_260610_002.jpg,260610,0fecf3790570f6fd0a3fba79f6186e6c.jpg,402300,现场施工,高,,,,,,,,,,,,施工,无,,程序化,260822,已复核通过
化工群,化工_现场施工_260613_004.jpg,260613,0fed0dcfd465c16c1e068e766924b660.jpg,399619,现场施工,高,,,,,,,,,,,,施工,无,,程序化,260822,已复核通过
化工群,化工_氯化铵2#污水池清淤_260715_001.jpg,260715,0ffaf3619a558c40e280d99b0461ea0a.jpg,220519,氯化铵2#污水池清淤,高,,,,,,,,,,,,验收,无,,程序化,260822,已复核通过
化工群,化工_氯化铵2#污水池清淤_260715_002.jpg,260715,101b05bdd9fc2a34de986139419af969.jpg,373331,氯化铵2#污水池清淤,高,,,,,,,,,,,,验收,无,,程序化,260822,已复核通过
化工群,化工_现场施工_260620_001.jpg,260620,10fdab9abe59c5dcf1d7e046fb5578f6.jpg,467309,现场施工,高,,,,,,,,,,,,施工,无,,程序化,260822,已复核通过
化工群,化工_现场施工_260714_001.jpg,260714,1142106be79f707bb5dabcb08b468251.jpg,319194,现场施工,高,,,,,,,,,,,,施工,无,,程序化,260822,已复核通过
化工群,化工_现场施工_260708_003.jpg,260708,1163e78ad706bf0cefd214a9c88ff008.jpg,1410725,现场施工,高,,,,,,,,,,,,施工,无,,程序化,260822,已复核通过
化工群,化工_检查井盖板_260808_001.jpg,260808,1172e8c5d202ff6cf40d103c7d5a4f9a.jpg,527983,检查井盖板,高,,,,,,,,,,,,验收,无,,程序化,260822,已复核通过
化工群,化工_现场施工_260716_006.jpg,260716,119aaca3805713bdcb629a30dede5719.jpg,659024,现场施工,高,,,,,,,,,,,,施工,无,,程序化,260822,已复核通过
化工群,化工_纯碱3号池子_260626_001.jpg,260626,122f99c54ccd0ce70ade32b746f78338.jpg,485276,纯碱3号池子,高,,,,,,,,,,,,验收,无,,程序化,260822,已复核通过
化工群,化工_现场施工_260629_001.jpg,260629,12391cf14da4a65dec24259c7f795765.jpg,830408,现场施工,高,,,,,,,,,,,,施工,无,,程序化,260822,已复核通过
化工群,化工_现场施工_260625_003.jpg,260625,124937816107b181336a688e1b21d48c.jpg,350348,现场施工,高,,,,,,,,,,,,施工,无,,程序化,260822,已复核通过
化工群,化工_现场施工_260612_002.jpg,260612,125dcf32bc2cab585b635b73004197b0.jpg,500455,现场施工,高,,,,,,,,,,,,施工,无,,程序化,260822,已复核通过
化工群,化工_现场施工_260717_006.jpg,260717,12747f3204f11ee49081dee6a23a55e5.jpg,759500,现场施工,高,,,,,,,,,,,,施工,无,,程序化,260822,已复核通过
化工群,化工_现场施工_260621_002.jpg,260621,12a3b8945e22b6cce78faaefa48ef112.jpg,324034,现场施工,高,,,,,,,,,,,,施工,无,,程序化,260822,已复核通过
化工群,化工_氯化铵8-14#盖板_260816_003.jpg,260816,12fa5eb36df3ab740c8ed1a4774dafa6.jpg,350096,氯化铵8-14#盖板,高,,,,,,,,,,,,验收,无,,程序化,260822,已复核通过
化工群,化工_现场施工_260612_003.jpg,260612,12fd66a170075d3cd2a450e12cb6a7b7.jpg,409745,现场施工,高,,,,,,,,,,,,施工,无,,程序化,260822,已复核通过
化工群,化工_现场施工_260809_002.jpg,260809,138cafe0e7410ce12db4fd314662ace7.jpg,419846,现场施工,高,,,,,,,,,,,,施工,无,,程序化,260822,已复核通过
化工群,化工_现场施工_260723_001.jpg,260723,13b9037a77dea3f70a11b66111ce204b.jpg,201350,现场施工,高,,,,,,,,,,,,施工,无,,程序化,260822,已复核通过
化工群,化工_现场施工_260622_003.jpg,260622,13bed1e5fae4802b7a3579a9b2f67b44.jpg,1545204,现场施工,高,,,,,,,,,,,,施工,无,,程序化,260822,已复核通过
化工群,化工_现场施工_260717_007.jpg,260717,14054beffbbca2c493d024fac956382e.jpg,779294,现场施工,高,,,,,,,,,,,,施工,无,,程序化,260822,已复核通过
化工群,化工_现场施工_260613_005.jpg,260613,146768d8e49098c430a4779c8009165a.jpg,418785,现场施工,高,,,,,,,,,,,,施工,无,,程序化,260822,已复核通过
化工群,化工_氯化铵2#污水池清淤_260813_001.jpg,260813,146bd67490e97ce0cad6b652f1bc18ad.jpg,566906,氯化铵2#污水池清淤,高,,,,,,,,,,,,验收,无,,程序化,260822,已复核通过
化工群,化工_现场施工_260624_002.jpg,260624,146ec89c5af8fcfa04e1c9312a8bb597.jpg,262858,现场施工,高,,,,,,,,,,,,施工,无,,程序化,260822,已复核通过
化工群,化工_现场施工_260613_006.jpg,260613,150404b81d387d53ecb5f4335af56fc9.jpg,514161,现场施工,高,,,,,,,,,,,,施工,无,,程序化,260822,已复核通过
化工群,化工_现场施工_260625_004.jpg,260625,1541d41d4b0cfbfd81b9dddce59f7db5.jpg,366176,现场施工,高,,,,,,,,,,,,施工,无,,程序化,260822,已复核通过
化工群,化工_现场施工_260626_003.jpg,260626,155a12da46964d47d3f0ec0dbb07e54e.jpg,498667,现场施工,高,,,,,,,,,,,,施工,无,,程序化,260822,已复核通过
化工群,化工_现场施工_260614_004.jpg,260614,155b6b12d495bf432565d0ba288915da.jpg,417943,现场施工,高,,,,,,,,,,,,施工,无,,程序化,260822,已复核通过
化工群,化工_现场施工_260614_005.jpg,260614,161a6d9621b0ab9ca36b97396614ad93.jpg,1127414,现场施工,高,,,,,,,,,,,,施工,无,,程序化,260822,已复核通过
化工群,化工_现场施工_260624_003.jpg,260624,163ca38f4a11f96a9c3fa7727afd6541.jpg,400116,现场施工,高,,,,,,,,,,,,施工,无,,程序化,260822,已复核通过
化工群,化工_氯化铵_260803_001.jpg,260803,16441328a21c92dd1ecfb6044a29d1b5.jpg,537924,氯化铵,高,,,,,,,,,,,,验收,无,,程序化,260822,已复核通过
化工群,化工_现场施工_260611_003.jpg,260611,166dde881cab4b8d2e8a65278c579808.jpg,468637,现场施工,高,,,,,,,,,,,,施工,无,,程序化,260822,已复核通过
化工群,化工_氯化铵4-6号污水池、应急污水池盖板验收_260818_001.jpg,260818,1678d8a64793295b3b6775b0a758a610.jpg,394528,氯化铵4-6号污水池、应急污水池盖板验收,高,,,,,,,,,,,,验收,无,,程序化,260822,已复核通过
化工群,化工_现场施工_260804_001.jpg,260804,16f135839348affd90fa7821eed6141d.jpg,577935,现场施工,高,,,,,,,,,,,,施工,无,,程序化,260822,已复核通过
化工群,化工_现场施工_260614_006.jpg,260614,176bdf87adb00e22f3c20aa7e1c04ac8.jpg,432280,现场施工,高,,,,,,,,,,,,施工,无,,程序化,260822,已复核通过
化工群,化工_现场施工_260612_004.jpg,260612,176d5427e4ecd59ff0e5eaba4118a3c6.jpg,551920,现场施工,高,,,,,,,,,,,,施工,无,,程序化,260822,已复核通过
化工群,化工_现场施工_260612_005.jpg,260612,177a4f526cbfbf961f29b0d99817f853.jpg,1215419,现场施工,高,,,,,,,,,,,,施工,无,,程序化,260822,已复核通过
化工群,化工_现场施工_260621_003.jpg,260621,178934d3387dc34e719f679f8a9a5c11.jpg,403361,现场施工,高,,,,,,,,,,,,施工,无,,程序化,260822,已复核通过
化工群,化工_现场施工_260618_002.jpg,260618,17b51820bbec7c0a4c43b61c0eab1043.jpg,422882,现场施工,高,,,,,,,,,,,,施工,无,,程序化,260822,已复核通过
化工群,化工_现场施工_260717_008.jpg,260717,18b3bc4340571e0713aff73449ab4d69.jpg,713677,现场施工,高,,,,,,,,,,,,施工,无,,程序化,260822,已复核通过
化工群,化工_现场施工_260703_001.jpg,260703,1926dbadc5e91eda2e877560ec97f7b3.jpg,351720,现场施工,高,,,,,,,,,,,,施工,无,,程序化,260822,已复核通过
化工群,化工_现场施工_260529_001.jpg,260529,193f15875c09ac38cac9bfa3a5af5193.jpg,552460,现场施工,高,,,,,,,,,,,,施工,无,,程序化,260822,已复核通过
化工群,化工_现场施工_260604_001.jpg,260604,19ed1302653c4641ee6339b81fbb77b6.jpg,3239106,现场施工,高,,,,,,,,,,,,施工,无,,程序化,260822,已复核通过
化工群,化工_纯碱3号池子_260626_002.jpg,260626,1a13e91bee6f691a01e0b85fbf597be3.jpg,458928,纯碱3号池子,高,,,,,,,,,,,,验收,无,,程序化,260822,已复核通过
化工群,化工_现场施工_260705_003.jpg,260705,1a7394308933c156f0b2502724a34ff4.jpg,269514,现场施工,高,,,,,,,,,,,,施工,无,,程序化,260822,已复核通过
化工群,化工_现场施工_260717_009.jpg,260717,1aab476b731e143917d380513bed4e69.jpg,583858,现场施工,高,,,,,,,,,,,,施工,无,,程序化,260822,已复核通过
化工群,化工_现场施工_260530_003.jpg,260530,1b24ac3fb4008119a9ee1d1f8d2de75c.jpg,745888,现场施工,高,,,,,,,,,,,,施工,无,,程序化,260822,已复核通过
化工群,化工_现场施工_260723_002.jpg,260723,1b2b33960fffcdb29ac2b9f57615023f.jpg,291611,现场施工,高,,,,,,,,,,,,施工,无,,程序化,260822,已复核通过
化工群,化工_氯化铵13 14#污水池_260730_001.jpg,260730,1b5464a90d2ff9dfdb54ec3a3da867b2.jpg,516739,氯化铵13 14#污水池,高,,,,,,,,,,,,验收,无,,程序化,260822,已复核通过
化工群,化工_纯碱6号_260628_002.jpg,260628,1b58a4b90b58395258b3efae684f0a3d.jpg,227719,纯碱6号,高,,,,,,,,,,,,验收,无,,程序化,260822,已复核通过
化工群,化工_现场施工_260704_001.jpg,260704,1b596e32e6ceb9cf0429d2c6d816ee83.jpg,453303,现场施工,高,,,,,,,,,,,,施工,无,,程序化,260822,已复核通过
化工群,化工_现场施工_260618_003.jpg,260618,1b704d00d2a5b9586cf96893b1ddc794.jpg,349331,现场施工,高,,,,,,,,,,,,施工,无,,程序化,260822,已复核通过
化工群,化工_现场施工_260703_002.jpg,260703,1b80a2549a962a435b01c862fd1d895c.jpg,390590,现场施工,高,,,,,,,,,,,,施工,无,,程序化,260822,已复核通过
化工群,化工_现场施工_260706_002.jpg,260706,1baa44e47e1e0500c7be4d37340198fb.jpg,549369,现场施工,高,,,,,,,,,,,,施工,无,,程序化,260822,已复核通过
化工群,化工_1#2#氮氨泵_260728_001.jpg,260728,1bf059f3cce80c982785f1ae9e701a3d.jpg,362633,1#2#氮氨泵,高,,,,,,,,,,,,验收,无,,程序化,260822,已复核通过
化工群,化工_纯碱6#_260715_001.jpg,260715,1c3e961e8b3b87e0ce7100ba90123dbe.jpg,350068,纯碱6#,高,,,,,,,,,,,,验收,无,,程序化,260822,已复核通过
化工群,化工_纯碱3#_260715_001.jpg,260715,1cdc3203e34cd497c0ddee24255a1e60.jpg,591837,纯碱3#,高,,,,,,,,,,,,验收,无,,程序化,260822,已复核通过
化工群,化工_现场施工_260615_001.jpg,260615,1d0203c0cf60182ae956dff8d5cb7679.jpg,480999,现场施工,高,,,,,,,,,,,,施工,无,,程序化,260822,已复核通过
化工群,化工_现场施工_260620_002.jpg,260620,1dcfd0f1c20fa8842e0dbb5c9b0a30f1.jpg,453781,现场施工,高,,,,,,,,,,,,施工,无,,程序化,260822,已复核通过
化工群,化工_现场施工_260613_007.jpg,260613,1df2150be29a42ec8f18ab4e9056f8bf.jpg,394553,现场施工,高,,,,,,,,,,,,施工,无,,程序化,260822,已复核通过
化工群,化工_纯碱236#污水池清淤_260715_001.jpg,260715,1dfb41fa61cefffc89823efa48cc9201.jpg,256568,纯碱236#污水池清淤,高,,,,,,,,,,,,验收,无,,程序化,260822,已复核通过
化工群,化工_现场施工_260711_001.jpg,260711,1e2698f6ff79c195bce1b3e427f33b57.jpg,532348,现场施工,高,,,,,,,,,,,,施工,无,,程序化,260822,已复核通过
化工群,化工_现场施工_260725_001.jpg,260725,1e4b0b13a8ea0dd274eb1c7f38343bd3.jpg,629416,现场施工,高,,,,,,,,,,,,施工,无,,程序化,260822,已复核通过
化工群,化工_现场施工_260628_001.jpg,260628,1ef097f2ffb78f86f23b17706a642a80.jpg,452156,现场施工,高,,,,,,,,,,,,施工,无,,程序化,260822,已复核通过
化工群,化工_现场施工_260803_005.jpg,260803,1f80d9326452cd496c539904195a5cab.jpg,537924,现场施工,高,,,,,,,,,,,,施工,无,,程序化,260822,已复核通过
化工群,化工_现场施工_260629_002.jpg,260629,1fbc69d5904800d98f6d13ddc35b4aa1.jpg,469031,现场施工,高,,,,,,,,,,,,施工,无,,程序化,260822,已复核通过
化工群,化工_现场施工_260703_003.jpg,260703,2014601284ef8475d8d49f63f478b7e8.jpg,324934,现场施工,高,,,,,,,,,,,,施工,无,,程序化,260822,已复核通过
化工群,化工_现场施工_260703_004.jpg,260703,2022828cba2f96f1ba8434eb2368768f.jpg,285142,现场施工,高,,,,,,,,,,,,施工,无,,程序化,260822,已复核通过
化工群,化工_现场施工_260717_010.jpg,260717,20d43dfa902f64761ab9855c49508a5e.jpg,742523,现场施工,高,,,,,,,,,,,,施工,无,,程序化,260822,已复核通过
化工群,化工_现场施工_260613_008.jpg,260613,20e28ccc68d9ee83ea9f77f970405148.jpg,518452,现场施工,高,,,,,,,,,,,,施工,无,,程序化,260822,已复核通过
化工群,化工_现场施工_260703_005.jpg,260703,2180a259b574a18c113c66f57f43d966.jpg,442660,现场施工,高,,,,,,,,,,,,施工,无,,程序化,260822,已复核通过
化工群,化工_现场施工_260719_001.jpg,260719,218b50ac64bf7b9187ad9d458dac7136.jpg,626663,现场施工,高,,,,,,,,,,,,施工,无,,程序化,260822,已复核通过
化工群,化工_现场施工_260613_009.jpg,260613,227b542bd9c57f089cf2ee02a592d0b6.jpg,550874,现场施工,高,,,,,,,,,,,,施工,无,,程序化,260822,已复核通过
化工群,化工_现场施工_260601_002.jpg,260601,22c4488855cc4d16f08b538a6cc95f7b.jpg,6631130,现场施工,高,,,,,,,,,,,,施工,无,,程序化,260822,已复核通过
化工群,化工_现场施工_260716_007.jpg,260716,22d4458c18486841aae880cfb72746f5.jpg,1201670,现场施工,高,,,,,,,,,,,,施工,无,,程序化,260822,已复核通过
化工群,化工_氯化铵沟槽_260627_002.jpg,260627,22ee3527991c3bc1cae7cecbaf10888d.jpg,515392,氯化铵沟槽,高,,,,,,,,,,,,验收,无,,程序化,260822,已复核通过
化工群,化工_现场施工_260703_006.jpg,260703,23224198c273ea38838d7d8734cf0e12.jpg,244888,现场施工,高,,,,,,,,,,,,施工,无,,程序化,260822,已复核通过
化工群,化工_现场施工_260803_006.jpg,260803,239591010aae700c3fb8caf98bd88c27.jpg,518600,现场施工,高,,,,,,,,,,,,施工,无,,程序化,260822,已复核通过
化工群,化工_现场施工_260707_003.jpg,260707,23ff33f376c7ec056c571ba6b153591c.jpg,446020,现场施工,高,,,,,,,,,,,,施工,无,,程序化,260822,已复核通过
化工群,化工_现场施工_260612_006.jpg,260612,24b7e5e68bb4cd47f6fd2c96b75107a6.jpg,164901,现场施工,高,,,,,,,,,,,,施工,无,,程序化,260822,已复核通过
化工群,化工_现场施工_260716_008.jpg,260716,24c1b7069bffa39ef9acccf1e7ca8ecb.jpg,443239,现场施工,高,,,,,,,,,,,,施工,无,,程序化,260822,已复核通过
化工群,化工_纯碱2号_260628_001.jpg,260628,2551412205217be6b60b06c9448782ac.jpg,522335,纯碱2号,高,,,,,,,,,,,,验收,无,,程序化,260822,已复核通过
化工群,化工_现场施工_260530_004.jpg,260530,2589f21c5cb017bc6baa4cbe747ccc3c.jpg,685406,现场施工,高,,,,,,,,,,,,施工,无,,程序化,260822,已复核通过
化工群,化工_检查井盖板_260808_002.jpg,260808,2599d16357e88371cd4766ad72f14276.jpg,512865,检查井盖板,高,,,,,,,,,,,,验收,无,,程序化,260822,已复核通过
化工群,化工_现场施工_260714_002.jpg,260714,262cc7e9f13be0e140cd7e23cba21465.jpg,450712,现场施工,高,,,,,,,,,,,,施工,无,,程序化,260822,已复核通过
化工群,化工_现场施工_260612_007.jpg,260612,267c14373a8b62f7102cd3dcf8f3a171.jpg,323286,现场施工,高,,,,,,,,,,,,施工,无,,程序化,260822,已复核通过
化工群,化工_现场施工_260615_002.jpg,260615,26e8969132126f3e797bb658b9499bbc.jpg,206778,现场施工,高,,,,,,,,,,,,施工,无,,程序化,260822,已复核通过
化工群,化工_现场施工_260608_001.jpg,260608,27963b85df8cd818950f825e0bbaba54.jpg,418040,现场施工,高,,,,,,,,,,,,施工,无,,程序化,260822,已复核通过
化工群,化工_现场施工_260531_003.jpg,260531,27afa8742a01a28bf8f37acc1fc85f18.jpg,639039,现场施工,高,,,,,,,,,,,,施工,无,,程序化,260822,已复核通过
化工群,化工_现场施工_260715_003.jpg,260715,27ccb3e39f56ac45f3d0b88496e96e4b.jpg,1350459,现场施工,高,,,,,,,,,,,,施工,无,,程序化,260822,已复核通过
化工群,化工_氯化铵1号池子_260626_001.jpg,260626,27df700f947b806ffb43478d02644338.jpg,524685,氯化铵1号池子,高,,,,,,,,,,,,验收,无,,程序化,260822,已复核通过
化工群,化工_现场施工_260618_004.jpg,260618,282b134a0456cc0f42001758a340bf13.jpg,463380,现场施工,高,,,,,,,,,,,,施工,无,,程序化,260822,已复核通过
化工群,化工_现场施工_260618_005.jpg,260618,283e074dec613c0393651beebd71b369.jpg,191804,现场施工,高,,,,,,,,,,,,施工,无,,程序化,260822,已复核通过
化工群,化工_现场施工_260714_003.jpg,260714,28bbef270a8d9b8427b982dfdbb12e7e.jpg,421657,现场施工,高,,,,,,,,,,,,施工,无,,程序化,260822,已复核通过
化工群,化工_现场施工_260805_001.jpg,260805,28d10cd75296f35f5c278d4721ed9813.jpg,422305,现场施工,高,,,,,,,,,,,,施工,无,,程序化,260822,已复核通过
化工群,化工_现场施工_260625_005.jpg,260625,28f97d84a9006240d1a83bf57a82c608.jpg,367854,现场施工,高,,,,,,,,,,,,施工,无,,程序化,260822,已复核通过
化工群,化工_氯化铵应急污水池沟槽_260715_001.jpg,260715,2936985fa5819994dbfba89f6062207d.jpg,543481,氯化铵应急污水池沟槽,高,,,,,,,,,,,,验收,无,,程序化,260822,已复核通过
化工群,化工_现场施工_260714_004.jpg,260714,29588f762c1aaaacd54a0515b1cfff3c.jpg,533905,现场施工,高,,,,,,,,,,,,施工,无,,程序化,260822,已复核通过
化工群,化工_新增8#、10#_260805_001.jpg,260805,296d8858735688dd249568bb7d393e06.jpg,476805,新增8#、10#,高,,,,,,,,,,,,验收,无,,程序化,260822,已复核通过
化工群,化工_纯碱_260803_001.jpg,260803,297d56543c477c7fb797a02fad82f6fa.jpg,574143,纯碱,高,,,,,,,,,,,,验收,无,,程序化,260822,已复核通过
化工群,化工_纯碱2356盖板_260808_001.jpg,260808,2993e005bfd8543256b7d357a8ce3d79.jpg,506470,纯碱2356盖板,高,,,,,,,,,,,,验收,无,,程序化,260822,已复核通过
化工群,化工_现场施工_260814_001.jpg,260814,29e50f119e9f7c3ee4c407ce9bea5859.jpg,439878,现场施工,高,,,,,,,,,,,,施工,无,,程序化,260822,已复核通过
化工群,化工_氯化铵新增检查井盖板验收_260818_001.jpg,260818,2a05a0413071d3d942ac932b664dd94a.jpg,432214,氯化铵新增检查井盖板验收,高,,,,,,,,,,,,验收,无,,程序化,260822,已复核通过
化工群,化工_现场施工_260610_003.jpg,260610,2a2b985896530eb34820896bd86c5405.jpg,406509,现场施工,高,,,,,,,,,,,,施工,无,,程序化,260822,已复核通过
化工群,化工_现场施工_260628_002.jpg,260628,2a53fbedb2b63116066ddbef559c9fe4.jpg,5977175,现场施工,高,,,,,,,,,,,,施工,无,,程序化,260822,已复核通过
化工群,化工_现场施工_260716_009.jpg,260716,2a9d3f1448b0be1ace3a3d516e18842a.jpg,443314,现场施工,高,,,,,,,,,,,,施工,无,,程序化,260822,已复核通过
化工群,化工_氯化铵4# 9#污水池_260714_001.jpg,260714,2b0276cabdee3c096fd42d5eca505e4c.jpg,373823,氯化铵4# 9#污水池,高,,,,,,,,,,,,验收,无,,程序化,260822,已复核通过
化工群,化工_现场施工_260613_010.jpg,260613,2b2d3ddcf7587ed9578a5e87782034dc.jpg,485210,现场施工,高,,,,,,,,,,,,施工,无,,程序化,260822,已复核通过
化工群,化工_现场施工_260706_003.jpg,260706,2b5cff3a78dc4ae09e64a679838b7f77.jpg,677626,现场施工,高,,,,,,,,,,,,施工,无,,程序化,260822,已复核通过
化工群,化工_现场施工_260620_003.jpg,260620,2b77a75a6cf1915ea9568e3395a385c0.jpg,352127,现场施工,高,,,,,,,,,,,,施工,无,,程序化,260822,已复核通过
化工群,化工_现场施工_260612_008.jpg,260612,2b9e57fa92edcccccb9116d4cba291c2.jpg,382430,现场施工,高,,,,,,,,,,,,施工,无,,程序化,260822,已复核通过
化工群,化工_纯碱6#_260715_002.jpg,260715,2ba7ef92f38eaef9064d0b562b5892eb.jpg,453303,纯碱6#,高,,,,,,,,,,,,验收,无,,程序化,260822,已复核通过
化工群,化工_现场施工_260723_003.jpg,260723,2bb9ea63789211e7d77eaeb052793c0b.jpg,603837,现场施工,高,,,,,,,,,,,,施工,无,,程序化,260822,已复核通过
化工群,化工_现场施工_260611_004.jpg,260611,2c0815c9e401c6c39ab3d950bd6e4073.jpg,527761,现场施工,高,,,,,,,,,,,,施工,无,,程序化,260822,已复核通过
化工群,化工_现场施工_260817_001.jpg,260817,2c5c18bfd4d577e7d50f66c8defa99f3.jpg,140865,现场施工,高,,,,,,,,,,,,施工,无,,程序化,260822,已复核通过
化工群,化工_现场施工_260717_011.jpg,260717,2c7fe4b33e39da6924971198709f980e.jpg,1180598,现场施工,高,,,,,,,,,,,,施工,无,,程序化,260822,已复核通过
化工群,化工_现场施工_260723_004.jpg,260723,2d4a018f0e24b0a3e841fd38e38c5e65.jpg,177795,现场施工,高,,,,,,,,,,,,施工,无,,程序化,260822,已复核通过
化工群,化工_现场施工_260528_002.jpg,260528,2d7a72e14892aaf0d4d293f5592eaaac.jpg,5963150,现场施工,高,,,,,,,,,,,,施工,无,,程序化,260822,已复核通过
化工群,化工_现场施工_260701_002.jpg,260701,2d968c80efb31d65a887ed335827d580.jpg,387398,现场施工,高,,,,,,,,,,,,施工,无,,程序化,260822,已复核通过
化工群,化工_现场施工_260611_005.jpg,260611,2de56f79f60c1fcf0f11bfcb33f01ed7.jpg,374675,现场施工,高,,,,,,,,,,,,施工,无,,程序化,260822,已复核通过
化工群,化工_现场施工_260630_002.jpg,260630,2dedbfdbcbc62da8deae31341c287620.jpg,554168,现场施工,高,,,,,,,,,,,,施工,无,,程序化,260822,已复核通过
化工群,化工_纯碱3#_260715_002.jpg,260715,2e03882a263f199564c39fea52e44651.jpg,455022,纯碱3#,高,,,,,,,,,,,,验收,无,,程序化,260822,已复核通过
化工群,化工_氯化铵应急污水池_260714_001.jpg,260714,2ea9ebb5f44cd1ca805e9c79298b1055.jpg,297829,氯化铵应急污水池,高,,,,,,,,,,,,验收,无,,程序化,260822,已复核通过
化工群,化工_现场施工_260703_007.jpg,260703,2ed89b6f3d89e7e6e04ce298880f103e.jpg,373281,现场施工,高,,,,,,,,,,,,施工,无,,程序化,260822,已复核通过
化工群,化工_纯碱新增6789检查井_260726_002.jpg,260726,2eedff01cb9893ad7aeceabb9ec02098.jpg,362044,纯碱新增6789检查井,高,,,,,,,,,,,,验收,无,,程序化,260822,已复核通过
化工群,化工_氯化铵污水池_260715_001.jpg,260715,2f1d85fa4d928b63c8254604f62152ca.jpg,471094,氯化铵污水池,高,,,,,,,,,,,,验收,无,,程序化,260822,已复核通过
化工群,化工_现场施工_260724_002.jpg,260724,2f277f66909b171122818c93e1e090f5.jpg,390515,现场施工,高,,,,,,,,,,,,施工,无,,程序化,260822,已复核通过
化工群,化工_现场施工_260617_003.jpg,260617,2f8ffeb816de28148c3b32528746ac9c.jpg,4669279,现场施工,高,,,,,,,,,,,,施工,无,,程序化,260822,已复核通过
化工群,化工_现场施工_260715_004.jpg,260715,2fb065e8b69d582dee923af635fdf13c.jpg,1305984,现场施工,高,,,,,,,,,,,,施工,无,,程序化,260822,已复核通过
化工群,化工_现场施工_260802_001.jpg,260802,2fef8fed927732c050d83216038158ba.jpg,482940,现场施工,高,,,,,,,,,,,,施工,无,,程序化,260822,已复核通过
化工群,化工_现场施工_260716_010.jpg,260716,305657579d7cdbe4a765122050552789.jpg,666581,现场施工,高,,,,,,,,,,,,施工,无,,程序化,260822,已复核通过
化工群,化工_现场施工_260703_008.jpg,260703,308d4c389364d408d4ff23a6454c9962.jpg,345938,现场施工,高,,,,,,,,,,,,施工,无,,程序化,260822,已复核通过
化工群,化工_现场施工_260625_006.jpg,260625,30b26483dccbac34cae41e6219be288c.jpg,498446,现场施工,高,,,,,,,,,,,,施工,无,,程序化,260822,已复核通过
化工群,化工_现场施工_260704_002.jpg,260704,3107fd24b8826f38819458da67c4c0d1.jpg,444543,现场施工,高,,,,,,,,,,,,施工,无,,程序化,260822,已复核通过
化工群,化工_现场施工_260714_005.jpg,260714,31499634cb27c80e871b09370db669d6.jpg,599475,现场施工,高,,,,,,,,,,,,施工,无,,程序化,260822,已复核通过
化工群,化工_现场施工_260609_002.jpg,260609,31560d772f0bb93e49c2790c7861f215.jpg,558513,现场施工,高,,,,,,,,,,,,施工,无,,程序化,260822,已复核通过
化工群,化工_现场施工_260803_007.jpg,260803,3159d3208c9b3d0410fa33f13594dbdb.jpg,362146,现场施工,高,,,,,,,,,,,,施工,无,,程序化,260822,已复核通过
化工群,化工_现场施工_260618_006.jpg,260618,3194a81fa1bb6c2be8cab460ba75863c.jpg,383701,现场施工,高,,,,,,,,,,,,施工,无,,程序化,260822,已复核通过
化工群,化工_现场施工_260617_004.jpg,260617,31b6c5f0f01f65de315ff915155b78bd.jpg,559527,现场施工,高,,,,,,,,,,,,施工,无,,程序化,260822,已复核通过
化工群,化工_现场施工_260720_001.jpg,260720,31dc53a4ce960f87eda51398c62efe64.jpg,514940,现场施工,高,,,,,,,,,,,,施工,无,,程序化,260822,已复核通过
化工群,化工_氯化铵新增检查井盖板验收_260818_002.jpg,260818,31ee51af8e53876a57e298e4f038d8f0.jpg,395116,氯化铵新增检查井盖板验收,高,,,,,,,,,,,,验收,无,,程序化,260822,已复核通过
化工群,化工_现场施工_260717_012.jpg,260717,320ba2336b2899205a12814e3237e1f3.jpg,710921,现场施工,高,,,,,,,,,,,,施工,无,,程序化,260822,已复核通过
化工群,化工_现场施工_260717_013.jpg,260717,32212f7e288a1c3acbc726b7f02f95ec.jpg,760984,现场施工,高,,,,,,,,,,,,施工,无,,程序化,260822,已复核通过
化工群,化工_现场施工_260723_005.jpg,260723,32378eee8183c7ee8ac7a1862f96f355.jpg,941446,现场施工,高,,,,,,,,,,,,施工,无,,程序化,260822,已复核通过
化工群,化工_现场施工_260626_004.jpg,260626,331515e1a1d289e7ff78f9f075b72717.jpg,352221,现场施工,高,,,,,,,,,,,,施工,无,,程序化,260822,已复核通过
化工群,化工_现场施工_260610_004.jpg,260610,334ecbbccb707a94ab43c2a25c7c4a3c.jpg,715660,现场施工,高,,,,,,,,,,,,施工,无,,程序化,260822,已复核通过
化工群,化工_现场施工_260716_011.jpg,260716,3359dbaa264c8045eef03103ef192ebd.jpg,694001,现场施工,高,,,,,,,,,,,,施工,无,,程序化,260822,已复核通过
化工群,化工_现场施工_260614_007.jpg,260614,337a02aa7a41e0ba2cba9e4c93312703.jpg,471305,现场施工,高,,,,,,,,,,,,施工,无,,程序化,260822,已复核通过
化工群,化工_现场施工_260726_002.jpg,260726,338c35bbffe7abec7bf4b06a198a0498.jpg,651283,现场施工,高,,,,,,,,,,,,施工,无,,程序化,260822,已复核通过
化工群,化工_现场施工_260612_009.jpg,260612,3397a9303cef78efd44215ec633b34be.jpg,626109,现场施工,高,,,,,,,,,,,,施工,无,,程序化,260822,已复核通过
化工群,化工_现场施工_260711_002.jpg,260711,33b23e866edaec4f7f4d2975bd8aad07.jpg,463349,现场施工,高,,,,,,,,,,,,施工,无,,程序化,260822,已复核通过
化工群,化工_现场施工_260708_004.jpg,260708,33bac33c51ac56f7565f6c7b53255762.jpg,422069,现场施工,高,,,,,,,,,,,,施工,无,,程序化,260822,已复核通过
化工群,化工_现场施工_260613_011.jpg,260613,3486db866fb1fff85c0cb511a6bb88d0.jpg,251919,现场施工,高,,,,,,,,,,,,施工,无,,程序化,260822,已复核通过
化工群,化工_现场施工_260617_005.png,260617,35269d728753a0f44bbeaee8947471e4.png,15884,现场施工,高,,,,,,,,,,,,施工,无,,程序化,260822,已复核通过
化工群,化工_纯碱沟槽_260626_001.jpg,260626,352e1ec3cff63aa21061975eb4d1979d.jpg,204275,纯碱沟槽,高,,,,,,,,,,,,验收,无,,程序化,260822,已复核通过
化工群,化工_现场施工_260701_003.jpg,260701,35cbfb0d1221ca54ff4f69ca712101b8.jpg,334835,现场施工,高,,,,,,,,,,,,施工,无,,程序化,260822,已复核通过
化工群,化工_现场施工_260609_003.jpg,260609,35ce1d939763380d55927fc8c03f8bab.jpg,341745,现场施工,高,,,,,,,,,,,,施工,无,,程序化,260822,已复核通过
化工群,化工_现场施工_260608_002.jpg,260608,3698862ebfb071cba1b04ec6d6fa828e.jpg,426229,现场施工,高,,,,,,,,,,,,施工,无,,程序化,260822,已复核通过
化工群,化工_现场施工_260601_003.jpg,260601,3698f6c06dafcf6de1472e2ffbc7e1d7.jpg,424259,现场施工,高,,,,,,,,,,,,施工,无,,程序化,260822,已复核通过
化工群,化工_现场施工_260705_004.jpg,260705,36c9bb774d3409e53eb7534b8c22e42a.jpg,525836,现场施工,高,,,,,,,,,,,,施工,无,,程序化,260822,已复核通过
化工群,化工_现场施工_260611_006.jpg,260611,36e6632ead5c1c6c0f42f80ad475b16e.jpg,575536,现场施工,高,,,,,,,,,,,,施工,无,,程序化,260822,已复核通过
化工群,化工_纯碱6号_260628_003.jpg,260628,36e666018f67ce27e0e84743d8c001f5.jpg,491937,纯碱6号,高,,,,,,,,,,,,验收,无,,程序化,260822,已复核通过
化工群,化工_现场施工_260811_001.jpg,260811,3706b07b3a12de89d4d797d0f3fee6c1.jpg,591423,现场施工,高,,,,,,,,,,,,施工,无,,程序化,260822,已复核通过
化工群,化工_现场施工_260610_005.jpg,260610,374b50091cb0de6a4bcebda1825c0185.jpg,476284,现场施工,高,,,,,,,,,,,,施工,无,,程序化,260822,已复核通过
化工群,化工_现场施工_260724_003.jpg,260724,37de08f9c8ad6dc6ed48f09963cd0c5a.jpg,347069,现场施工,高,,,,,,,,,,,,施工,无,,程序化,260822,已复核通过
化工群,化工_检查井盖板_260808_003.jpg,260808,38567482319637b1796568969d59170b.jpg,403682,检查井盖板,高,,,,,,,,,,,,验收,无,,程序化,260822,已复核通过
化工群,化工_现场施工_260804_002.jpg,260804,38ae2d09e6b262b61784c5a290ef11da.jpg,604014,现场施工,高,,,,,,,,,,,,施工,无,,程序化,260822,已复核通过
化工群,化工_现场施工_260804_003.jpg,260804,38de820503c18d406aa1afd3342202d8.jpg,1530414,现场施工,高,,,,,,,,,,,,施工,无,,程序化,260822,已复核通过
化工群,化工_现场施工_260604_002.jpg,260604,38ebe3ec86d989a6696234d2bb9ba929.jpg,443022,现场施工,高,,,,,,,,,,,,施工,无,,程序化,260822,已复核通过
化工群,化工_现场施工_260717_014.jpg,260717,38fd97033492e3f7cc3adffe7ee3939f.jpg,820244,现场施工,高,,,,,,,,,,,,施工,无,,程序化,260822,已复核通过
化工群,化工_现场施工_260601_004.jpg,260601,3944cdf855bf2d5d784f49cd54673d15.jpg,3034352,现场施工,高,,,,,,,,,,,,施工,无,,程序化,260822,已复核通过
化工群,化工_现场施工_260716_012.jpg,260716,39489085b38d37c47806d90a1c59ca19.jpg,1091910,现场施工,高,,,,,,,,,,,,施工,无,,程序化,260822,已复核通过
化工群,化工_纯碱沟槽_260624_001.jpg,260624,396728e820d2495ea9892b045e598909.jpg,189271,纯碱沟槽,高,,,,,,,,,,,,验收,无,,程序化,260822,已复核通过
化工群,化工_现场施工_260531_004.jpg,260531,3975e6f694ba60996a1215b898539233.jpg,761383,现场施工,高,,,,,,,,,,,,施工,无,,程序化,260822,已复核通过
化工群,化工_设备厂房托盘_260818_001.jpg,260818,3998cb49e3a139fd04577401ddc0eba3.jpg,437622,设备厂房托盘,高,,,,,,,,,,,,验收,无,,程序化,260822,已复核通过
化工群,化工_纯碱236#污水池清淤_260715_002.jpg,260715,39b06dc9ce036259e24aa0d0bc50c33c.jpg,504340,纯碱236#污水池清淤,高,,,,,,,,,,,,验收,无,,程序化,260822,已复核通过
化工群,化工_纯碱236#污水池清淤_260715_003.jpg,260715,39fc0620c2e9d05a8650ea0577e7d186.jpg,498975,纯碱236#污水池清淤,高,,,,,,,,,,,,验收,无,,程序化,260822,已复核通过
化工群,化工_现场施工_260610_006.jpg,260610,3ae55dcc1e54f8220f178aae85c0ef76.jpg,1135347,现场施工,高,,,,,,,,,,,,施工,无,,程序化,260822,已复核通过
化工群,化工_现场施工_260715_005.jpg,260715,3b024c612a261e9612d744d31ba55429.jpg,1160073,现场施工,高,,,,,,,,,,,,施工,无,,程序化,260822,已复核通过
化工群,化工_现场施工_260617_006.jpg,260617,3b4e39147c4382bb7583f421ca448c46.jpg,497924,现场施工,高,,,,,,,,,,,,施工,无,,程序化,260822,已复核通过
化工群,化工_现场施工_260601_005.jpg,260601,3b83c29e5477ac53f0298b6511ac2716.jpg,530875,现场施工,高,,,,,,,,,,,,施工,无,,程序化,260822,已复核通过
化工群,化工_现场施工_260714_006.jpg,260714,3b92da8c7d60c12d1c2e1d2b9abdb968.jpg,697662,现场施工,高,,,,,,,,,,,,施工,无,,程序化,260822,已复核通过
化工群,化工_现场施工_260725_002.jpg,260725,3b93a8d335f614232ba65eef637ffb8c.jpg,1351795,现场施工,高,,,,,,,,,,,,施工,无,,程序化,260822,已复核通过
化工群,化工_现场施工_260530_005.jpg,260530,3c04d466b04f3b16fffb493618c19f0a.jpg,785733,现场施工,高,,,,,,,,,,,,施工,无,,程序化,260822,已复核通过
化工群,化工_现场施工_260622_004.jpg,260622,3c51ee05765f4ff30b6e6a517af38e90.jpg,540092,现场施工,高,,,,,,,,,,,,施工,无,,程序化,260822,已复核通过
化工群,化工_现场施工_260701_004.jpg,260701,3c6b68f3ffb00587441a48eb8ec1f178.jpg,381761,现场施工,高,,,,,,,,,,,,施工,无,,程序化,260822,已复核通过
化工群,化工_现场施工_260717_015.jpg,260717,3c7b5d6dea15e371d1a1a6747277975c.jpg,368821,现场施工,高,,,,,,,,,,,,施工,无,,程序化,260822,已复核通过
化工群,化工_现场施工_260806_001.jpg,260806,3c9cb783fc68b1a2533bc0b2367c0c64.jpg,528711,现场施工,高,,,,,,,,,,,,施工,无,,程序化,260822,已复核通过
化工群,化工_现场施工_260716_013.jpg,260716,3caa49299c24a2c8c3bf523e076ba380.jpg,1330808,现场施工,高,,,,,,,,,,,,施工,无,,程序化,260822,已复核通过
化工群,化工_现场施工_260602_001.jpg,260602,3d279c95dff1837c23325e80179044db.jpg,565166,现场施工,高,,,,,,,,,,,,施工,无,,程序化,260822,已复核通过
化工群,化工_J-01、J-02、J-03_260717_001.jpg,260717,3d371488e3d16b90fd0b45c6b6473516.jpg,367729,J-01、J-02、J-03,高,,,,,,,,,,,,验收,无,,程序化,260822,已复核通过
化工群,化工_现场施工_260614_008.jpg,260614,3d87c23d542f2a04df3d00ea3745c9de.jpg,451215,现场施工,高,,,,,,,,,,,,施工,无,,程序化,260822,已复核通过
化工群,化工_现场施工_260625_007.jpg,260625,3d9272fcc20a725982a00efc8c374504.jpg,372535,现场施工,高,,,,,,,,,,,,施工,无,,程序化,260822,已复核通过
化工群,化工_现场施工_260717_016.jpg,260717,3e01e46ecf4ef16b99017f645e248aa0.jpg,724371,现场施工,高,,,,,,,,,,,,施工,无,,程序化,260822,已复核通过
化工群,化工_108管子_260730_001.jpg,260730,3e37fb897b3829586222cf39d75ff20d.jpg,394377,108管子,高,,,,,,,,,,,,验收,无,,程序化,260822,已复核通过
化工群,化工_现场施工_260803_008.jpg,260803,3eaf43c0829457cb2cf111c11b4db331.jpg,534678,现场施工,高,,,,,,,,,,,,施工,无,,程序化,260822,已复核通过
化工群,化工_现场施工_260704_003.jpg,260704,3f162daabd795a2208486618d5c889fd.jpg,455022,现场施工,高,,,,,,,,,,,,施工,无,,程序化,260822,已复核通过
化工群,化工_1#2#氮氨泵_260728_002.jpg,260728,3f73c0158880602b13dcabba76e30c74.jpg,350481,1#2#氮氨泵,高,,,,,,,,,,,,验收,无,,程序化,260822,已复核通过
化工群,化工_现场施工_260609_004.jpg,260609,3fdecdfbfa30441e088abc49a4b37c52.jpg,390928,现场施工,高,,,,,,,,,,,,施工,无,,程序化,260822,已复核通过
化工群,化工_现场施工_260628_003.jpg,260628,3ff36c60b059c897297900f9dcfcd4cf.jpg,873201,现场施工,高,,,,,,,,,,,,施工,无,,程序化,260822,已复核通过
化工群,化工_现场施工_260716_014.jpg,260716,403e639aee11f77a561f15ed2d8a50e4.jpg,460064,现场施工,高,,,,,,,,,,,,施工,无,,程序化,260822,已复核通过
化工群,化工_现场施工_260714_007.jpg,260714,403f4d14a1f3c9f32c86fb1a89639afa.jpg,637633,现场施工,高,,,,,,,,,,,,施工,无,,程序化,260822,已复核通过
化工群,化工_氯化铵1号池子_260628_001.jpg,260628,404f72f85caa23f60588346299c6b36b.jpg,236220,氯化铵1号池子,高,,,,,,,,,,,,验收,无,,程序化,260822,已复核通过
化工群,化工_氯化铵2#污水池清淤_260715_003.jpg,260715,405556163a3bb98a354add43a72c508b.jpg,435174,氯化铵2#污水池清淤,高,,,,,,,,,,,,验收,无,,程序化,260822,已复核通过
化工群,化工_氯化铵路面破除_260816_001.jpg,260816,40a41412fe0741671e39165413562b5b.jpg,667011,氯化铵路面破除,高,,,,,,,,,,,,验收,无,,程序化,260822,已复核通过
化工群,化工_现场施工_260703_009.jpg,260703,40e14705d4d401877fea24a4a4e3b4f0.jpg,738716,现场施工,高,,,,,,,,,,,,施工,无,,程序化,260822,已复核通过
化工群,化工_现场施工_260620_004.jpg,260620,416f2539e9b1da6884fd639712dd9378.jpg,466610,现场施工,高,,,,,,,,,,,,施工,无,,程序化,260822,已复核通过
化工群,化工_氯化铵8-14#盖板_260816_004.jpg,260816,418980819cbd2e570251edcfae55c9c5.jpg,461731,氯化铵8-14#盖板,高,,,,,,,,,,,,验收,无,,程序化,260822,已复核通过
化工群,化工_现场施工_260715_006.jpg,260715,41d313e27fd2a7330e5b798232b6c65f.jpg,1237433,现场施工,高,,,,,,,,,,,,施工,无,,程序化,260822,已复核通过
化工群,化工_现场施工_260717_017.jpg,260717,41fd86e8c3263ff667caad877a26d0a4.jpg,1211721,现场施工,高,,,,,,,,,,,,施工,无,,程序化,260822,已复核通过
化工群,化工_现场施工_260707_004.jpg,260707,427ea6a0d1294c6b0f91652be6fe0e26.jpg,544609,现场施工,高,,,,,,,,,,,,施工,无,,程序化,260822,已复核通过
化工群,化工_纯碱车间2#污水池沟槽_260708_001.jpg,260708,429de79569f2dbd80b35edfd1e0a0e04.jpg,518283,纯碱车间2#污水池沟槽,高,,,,,,,,,,,,验收,无,,程序化,260822,已复核通过
化工群,化工_现场施工_260710_001.jpg,260710,42b59274f436626de608b5153ed05fad.jpg,1553318,现场施工,高,,,,,,,,,,,,施工,无,,程序化,260822,已复核通过
化工群,化工_现场施工_260709_001.jpg,260709,42f6b4d10449605cf03e7844ad70b69a.jpg,816643,现场施工,高,,,,,,,,,,,,施工,无,,程序化,260822,已复核通过
化工群,化工_现场施工_260805_002.jpg,260805,42fce8665a5249284b308ce6de510984.jpg,472898,现场施工,高,,,,,,,,,,,,施工,无,,程序化,260822,已复核通过
化工群,化工_现场施工_260614_009.jpg,260614,434fdbf025b96940c815e59f4eb7c7d1.jpg,443880,现场施工,高,,,,,,,,,,,,施工,无,,程序化,260822,已复核通过
化工群,化工_现场施工_260604_003.jpg,260604,435df4cee7d4e1133349c475191de091.jpg,631936,现场施工,高,,,,,,,,,,,,施工,无,,程序化,260822,已复核通过
化工群,化工_现场施工_260617_007.jpg,260617,43a7efda693b344d0d49c475314ed827.jpg,454987,现场施工,高,,,,,,,,,,,,施工,无,,程序化,260822,已复核通过
化工群,化工_氯化铵应急污水池沟槽_260715_002.jpg,260715,43ba98992b98d594e6b42f13f8b2920e.jpg,619998,氯化铵应急污水池沟槽,高,,,,,,,,,,,,验收,无,,程序化,260822,已复核通过
化工群,化工_现场施工_260807_002.jpg,260807,43da7ac5c7c18336de88503c61370465.jpg,657293,现场施工,高,,,,,,,,,,,,施工,无,,程序化,260822,已复核通过
化工群,化工_现场施工_260606_001.jpg,260606,443fcc54efd5a3bb57e6482f0d6fb9cd.jpg,305494,现场施工,高,,,,,,,,,,,,施工,无,,程序化,260822,已复核通过
化工群,化工_现场施工_260809_003.jpg,260809,443fe391ea69abe58546382c2780320d.jpg,312132,现场施工,高,,,,,,,,,,,,施工,无,,程序化,260822,已复核通过
化工群,化工_现场施工_260612_010.jpg,260612,44f73c2997e32204d9698e5b3bee93dd.jpg,650377,现场施工,高,,,,,,,,,,,,施工,无,,程序化,260822,已复核通过
化工群,化工_现场施工_260710_002.jpg,260710,453a255b7fcfa97e8ed739f16c8295e5.jpg,437247,现场施工,高,,,,,,,,,,,,施工,无,,程序化,260822,已复核通过
化工群,化工_现场施工_260531_005.jpg,260531,45a04a9176321c7bd31d1ee95d8805d4.jpg,673372,现场施工,高,,,,,,,,,,,,施工,无,,程序化,260822,已复核通过
化工群,化工_纯碱污水池_260715_001.jpg,260715,45e8511c84ce4d22b0cb641baab26cd8.jpg,433919,纯碱污水池,高,,,,,,,,,,,,验收,无,,程序化,260822,已复核通过
化工群,化工_现场施工_260726_003.jpg,260726,462068c690148d9c073e3af56a22c737.jpg,657672,现场施工,高,,,,,,,,,,,,施工,无,,程序化,260822,已复核通过
化工群,化工_现场施工_260702_001.jpg,260702,46bccaffe261943a9eac7b3599ce8c8c.jpg,1486452,现场施工,高,,,,,,,,,,,,施工,无,,程序化,260822,已复核通过
化工群,化工_现场施工_260711_003.jpg,260711,4725456c50f233457fc3cd49e6c1e178.jpg,375364,现场施工,高,,,,,,,,,,,,施工,无,,程序化,260822,已复核通过
化工群,化工_现场施工_260615_003.jpg,260615,47694694544652f7bf72e60f7715ba6d.jpg,351295,现场施工,高,,,,,,,,,,,,施工,无,,程序化,260822,已复核通过
化工群,化工_现场施工_260815_001.jpg,260815,47f578c4121a206bae6d8a55e0c2888e.jpg,408167,现场施工,高,,,,,,,,,,,,施工,无,,程序化,260822,已复核通过
化工群,化工_现场施工_260703_010.jpg,260703,48243e85f7079797a2e5e52d255a18c2.jpg,474051,现场施工,高,,,,,,,,,,,,施工,无,,程序化,260822,已复核通过
化工群,化工_现场施工_260605_003.jpg,260605,48711322cec45ccaf307d5102ff766c9.jpg,799026,现场施工,高,,,,,,,,,,,,施工,无,,程序化,260822,已复核通过
化工群,化工_现场施工_260531_006.jpg,260531,48a8d0e5b2f964bc11731725caf6a572.jpg,628708,现场施工,高,,,,,,,,,,,,施工,无,,程序化,260822,已复核通过
化工群,化工_现场施工_260725_003.jpg,260725,48c36a9dc995915c9490432fca64a037.jpg,655420,现场施工,高,,,,,,,,,,,,施工,无,,程序化,260822,已复核通过
化工群,化工_现场施工_260705_005.jpg,260705,48c50321241a63af75d9e054684b271c.jpg,464320,现场施工,高,,,,,,,,,,,,施工,无,,程序化,260822,已复核通过
化工群,化工_现场施工_260705_006.jpg,260705,49239f8702af787ce95ac00b4b9468e1.jpg,352338,现场施工,高,,,,,,,,,,,,施工,无,,程序化,260822,已复核通过
化工群,化工_现场施工_260612_011.jpg,260612,4933ab22211f5137c3e37a8448a545bc.jpg,366884,现场施工,高,,,,,,,,,,,,施工,无,,程序化,260822,已复核通过
化工群,化工_氯化铵13 14#污水池_260730_002.jpg,260730,49bc4b7b327816ec5791096d055d2540.jpg,498638,氯化铵13 14#污水池,高,,,,,,,,,,,,验收,无,,程序化,260822,已复核通过
化工群,化工_现场施工_260630_003.jpg,260630,4a04ff24ae5eaf187b2748a418e6cf00.jpg,907065,现场施工,高,,,,,,,,,,,,施工,无,,程序化,260822,已复核通过
化工群,化工_现场施工_260720_002.jpg,260720,4a0eb36a042918815e806548b6d8ea82.jpg,738458,现场施工,高,,,,,,,,,,,,施工,无,,程序化,260822,已复核通过
化工群,化工_现场施工_260708_005.jpg,260708,4b9acbde3670c77f3b981509387bc73e.jpg,943190,现场施工,高,,,,,,,,,,,,施工,无,,程序化,260822,已复核通过
化工群,化工_氯化铵10 11#污水池_260706_001.jpg,260706,4b9b63cbb1d1b777f6f01e9fd0a4cf12.jpg,530154,氯化铵10 11#污水池,高,,,,,,,,,,,,验收,无,,程序化,260822,已复核通过
化工群,化工_氯化铵路面破除_260816_002.jpg,260816,4bdb4e7fc8237f92719c8ceedbfaa18d.jpg,651319,氯化铵路面破除,高,,,,,,,,,,,,验收,无,,程序化,260822,已复核通过
化工群,化工_混凝土沟槽_260715_001.jpg,260715,4c6f70c6befd75656274348c8c75573d.jpg,412908,混凝土沟槽,高,,,,,,,,,,,,验收,无,,程序化,260822,已复核通过
化工群,化工_现场施工_260726_004.jpg,260726,4ca41b6e34741b9283c49afc02e8ad7d.jpg,693507,现场施工,高,,,,,,,,,,,,施工,无,,程序化,260822,已复核通过
化工群,化工_现场施工_260717_018.jpg,260717,4cb5d20af1c6dadcc318a3b9a895cb71.jpg,583743,现场施工,高,,,,,,,,,,,,施工,无,,程序化,260822,已复核通过
化工群,化工_现场施工_260608_003.jpg,260608,4ce89372414cacd1be765abd6e30a885.jpg,377647,现场施工,高,,,,,,,,,,,,施工,无,,程序化,260822,已复核通过
化工群,化工_现场施工_260711_004.jpg,260711,4d3c596dae8adeeefe1fb1f35e076dc5.jpg,459920,现场施工,高,,,,,,,,,,,,施工,无,,程序化,260822,已复核通过
化工群,化工_现场施工_260628_004.jpg,260628,4d44e5c2a18e49131a835b3a656d0543.jpg,431052,现场施工,高,,,,,,,,,,,,施工,无,,程序化,260822,已复核通过
化工群,化工_现场施工_260611_007.jpg,260611,4d792b331d747f762dfca22393a66f16.jpg,520155,现场施工,高,,,,,,,,,,,,施工,无,,程序化,260822,已复核通过
化工群,化工_现场施工_260620_005.jpg,260620,4da5da8ba2f65e7601c1fc77cf02e436.jpg,846470,现场施工,高,,,,,,,,,,,,施工,无,,程序化,260822,已复核通过
化工群,化工_现场施工_260627_001.jpg,260627,4df6cddfb06884c7dcb7e9d00e59b69f.jpg,543556,现场施工,高,,,,,,,,,,,,施工,无,,程序化,260822,已复核通过
化工群,化工_现场施工_260601_006.jpg,260601,4e871e0136edfb1f115fa9af05094bee.jpg,944395,现场施工,高,,,,,,,,,,,,施工,无,,程序化,260822,已复核通过
化工群,化工_现场施工_260615_004.jpg,260615,4f44719df2dd50fe2659e870e386fb62.jpg,574162,现场施工,高,,,,,,,,,,,,施工,无,,程序化,260822,已复核通过
化工群,化工_现场施工_260721_003.jpg,260721,4f94186d99fb63ffa8fa030e6491221d.jpg,613800,现场施工,高,,,,,,,,,,,,施工,无,,程序化,260822,已复核通过
化工群,化工_现场施工_260530_006.jpg,260530,50105f8330de50d392e4705934278b0e.jpg,782570,现场施工,高,,,,,,,,,,,,施工,无,,程序化,260822,已复核通过
化工群,化工_验收_260703_001.jpg,260703,504c50eb0af3ae19f83a464d0b11fc4b.jpg,572745,验收,高,,,,,,,,,,,,验收,无,,程序化,260822,已复核通过
化工群,化工_现场施工_260530_007.jpg,260530,50c3eb384427396f95cb5cf14d2b66b6.jpg,748087,现场施工,高,,,,,,,,,,,,施工,无,,程序化,260822,已复核通过
化工群,化工_现场施工_260615_005.jpg,260615,50dcd31d915233f4c48260367b459bb3.jpg,354744,现场施工,高,,,,,,,,,,,,施工,无,,程序化,260822,已复核通过
化工群,化工_现场施工_260625_008.jpg,260625,5109fc17395ad7872c03364e70a5e2a5.jpg,225626,现场施工,高,,,,,,,,,,,,施工,无,,程序化,260822,已复核通过
化工群,化工_现场施工_260613_012.jpg,260613,515ef82a29a765926371f7f0f30e281a.jpg,902940,现场施工,高,,,,,,,,,,,,施工,无,,程序化,260822,已复核通过
化工群,化工_纯碱新增6789检查井_260726_003.jpg,260726,517eddd8d1c48c42eab8f326e9334261.jpg,304069,纯碱新增6789检查井,高,,,,,,,,,,,,验收,无,,程序化,260822,已复核通过
化工群,化工_现场施工_260617_008.jpg,260617,51b6f11e87da5d38b578482d5f760f14.jpg,351998,现场施工,高,,,,,,,,,,,,施工,无,,程序化,260822,已复核通过
化工群,化工_现场施工_260801_001.jpg,260801,51e4c4e46a412274832fc663d816ca74.jpg,407569,现场施工,高,,,,,,,,,,,,施工,无,,程序化,260822,已复核通过
化工群,化工_现场施工_260608_004.jpg,260608,51eb73c711f362d23fd967e84ddc64c9.jpg,526605,现场施工,高,,,,,,,,,,,,施工,无,,程序化,260822,已复核通过
化工群,化工_现场施工_260816_001.jpg,260816,520e3184ee969ddbe255318acba84fa8.jpg,359392,现场施工,高,,,,,,,,,,,,施工,无,,程序化,260822,已复核通过
化工群,化工_现场施工_260703_011.jpg,260703,530057940fc8f136e190afac8febdb41.jpg,271988,现场施工,高,,,,,,,,,,,,施工,无,,程序化,260822,已复核通过
化工群,化工_现场施工_260711_005.jpg,260711,542d6ebca10788ae9ea7032dd414a5b7.jpg,542330,现场施工,高,,,,,,,,,,,,施工,无,,程序化,260822,已复核通过
化工群,化工_现场施工_260701_005.jpg,260701,5465425512a154936e3b7e6e9eaf656f.jpg,489039,现场施工,高,,,,,,,,,,,,施工,无,,程序化,260822,已复核通过
化工群,化工_现场施工_260529_002.jpg,260529,54cdea3928e416903308a5cde2757c94.jpg,949713,现场施工,高,,,,,,,,,,,,施工,无,,程序化,260822,已复核通过
化工群,化工_现场施工_260807_003.jpg,260807,54cea177ef8974b08cd5d8b752f3c2de.jpg,879761,现场施工,高,,,,,,,,,,,,施工,无,,程序化,260822,已复核通过
化工群,化工_现场施工_260708_006.jpg,260708,5540ad92827da084be99ef475ba4cfeb.jpg,497485,现场施工,高,,,,,,,,,,,,施工,无,,程序化,260822,已复核通过
化工群,化工_氯化铵5 6 8#污水池_260711_003.jpg,260711,558bdaede69b98705eb858d365056bb3.jpg,569647,氯化铵5 6 8#污水池,高,,,,,,,,,,,,验收,无,,程序化,260822,已复核通过
化工群,化工_现场施工_260611_008.jpg,260611,55d3d2c921848cb9c9a1772070bd56ad.jpg,445976,现场施工,高,,,,,,,,,,,,施工,无,,程序化,260822,已复核通过
化工群,化工_现场施工_260610_007.jpg,260610,560189c2bc003700f0d038da1a1356dd.jpg,1475279,现场施工,高,,,,,,,,,,,,施工,无,,程序化,260822,已复核通过
化工群,化工_现场施工_260618_007.jpg,260618,560a4fc23767a6776960d3d13132b0ef.jpg,322071,现场施工,高,,,,,,,,,,,,施工,无,,程序化,260822,已复核通过
化工群,化工_现场施工_260604_004.jpg,260604,563fe9b203ff530aca9e88ceccce456d.jpg,758048,现场施工,高,,,,,,,,,,,,施工,无,,程序化,260822,已复核通过
化工群,化工_现场施工_260703_012.jpg,260703,5669038e7947a9e81a278d326a427111.jpg,375509,现场施工,高,,,,,,,,,,,,施工,无,,程序化,260822,已复核通过
化工群,化工_现场施工_260630_004.jpg,260630,567e0f33707bfa26ed6d593e0c68d574.jpg,155422,现场施工,高,,,,,,,,,,,,施工,无,,程序化,260822,已复核通过
化工群,化工_现场施工_260716_015.jpg,260716,56f1801ce12db24c4b339733c6cf70c6.jpg,523266,现场施工,高,,,,,,,,,,,,施工,无,,程序化,260822,已复核通过
化工群,化工_现场施工_260723_006.jpg,260723,56f72b3830112707349ad4e85f5b4c56.jpg,373486,现场施工,高,,,,,,,,,,,,施工,无,,程序化,260822,已复核通过
化工群,化工_现场施工_260804_004.jpg,260804,5731c75565da15e10a1686d3262926ee.jpg,493026,现场施工,高,,,,,,,,,,,,施工,无,,程序化,260822,已复核通过
化工群,化工_现场施工_260605_004.jpg,260605,576600984f5dd6db0ca5d5d3066ea6dc.jpg,818512,现场施工,高,,,,,,,,,,,,施工,无,,程序化,260822,已复核通过
化工群,化工_现场施工_260618_008.jpg,260618,577754892b791daa89e1dbe9eddc2968.jpg,473656,现场施工,高,,,,,,,,,,,,施工,无,,程序化,260822,已复核通过
化工群,化工_氯化铵8-14#盖板_260816_005.jpg,260816,57b6ed5b7a817017b47064e2648792a0.jpg,490123,氯化铵8-14#盖板,高,,,,,,,,,,,,验收,无,,程序化,260822,已复核通过
化工群,化工_氯化铵_260803_002.jpg,260803,57fa0a1af3450bcf9d75e2b60ddc37ed.jpg,540443,氯化铵,高,,,,,,,,,,,,验收,无,,程序化,260822,已复核通过
化工群,化工_验收_260703_002.jpg,260703,58836d55d98e55cc0b990d14a82bf808.jpg,542724,验收,高,,,,,,,,,,,,验收,无,,程序化,260822,已复核通过
化工群,化工_现场施工_260611_009.jpg,260611,5885f81f4a769648e9900ba448ba967d.jpg,403103,现场施工,高,,,,,,,,,,,,施工,无,,程序化,260822,已复核通过
化工群,化工_现场施工_260709_002.jpg,260709,588997d9b4a8c4e488e5dfd1a12e7380.jpg,1021731,现场施工,高,,,,,,,,,,,,施工,无,,程序化,260822,已复核通过
化工群,化工_现场施工_260715_007.jpg,260715,58ae6891e4d52a90022467c66af9dec8.jpg,661962,现场施工,高,,,,,,,,,,,,施工,无,,程序化,260822,已复核通过
化工群,化工_纯碱3号池子_260626_003.jpg,260626,595e183c7231dc7133131713eab56a4a.jpg,209872,纯碱3号池子,高,,,,,,,,,,,,验收,无,,程序化,260822,已复核通过
化工群,化工_现场施工_260710_003.jpg,260710,596e478dfeb2bf85be51ed23cddbb3cb.jpg,837295,现场施工,高,,,,,,,,,,,,施工,无,,程序化,260822,已复核通过
化工群,化工_现场施工_260608_005.jpg,260608,599122cf1519ed0643dcbcd186d0536d.jpg,361420,现场施工,高,,,,,,,,,,,,施工,无,,程序化,260822,已复核通过
化工群,化工_现场施工_260622_005.jpg,260622,5a104777314ea9a9a38391f7f5c969cc.jpg,326871,现场施工,高,,,,,,,,,,,,施工,无,,程序化,260822,已复核通过
化工群,化工_现场施工_260730_001.jpg,260730,5a2389553502947add01b870252d87af.jpg,446359,现场施工,高,,,,,,,,,,,,施工,无,,程序化,260822,已复核通过
化工群,化工_氯化铵2号_260628_001.jpg,260628,5a2e69e463a5e5a2f956e0a53cde54f5.jpg,417504,氯化铵2号,高,,,,,,,,,,,,验收,无,,程序化,260822,已复核通过
化工群,化工_现场施工_260711_006.jpg,260711,5b002b581a44afa6e5a5b99cf7ea07f6.jpg,885392,现场施工,高,,,,,,,,,,,,施工,无,,程序化,260822,已复核通过
化工群,化工_现场施工_260701_006.jpg,260701,5b51be700d9a4d7cf07090b37c8238bf.jpg,429150,现场施工,高,,,,,,,,,,,,施工,无,,程序化,260822,已复核通过
化工群,化工_现场施工_260607_001.jpg,260607,5b5ea55d6c613bf60435cb6b840d61b7.jpg,432678,现场施工,高,,,,,,,,,,,,施工,无,,程序化,260822,已复核通过
化工群,化工_现场施工_260715_008.jpg,260715,5b8e9702a6e4d612fd07708383980c73.jpg,350744,现场施工,高,,,,,,,,,,,,施工,无,,程序化,260822,已复核通过
化工群,化工_现场施工_260617_009.jpg,260617,5bb00743a28d7bd44777d71ed8a47b84.jpg,538958,现场施工,高,,,,,,,,,,,,施工,无,,程序化,260822,已复核通过
化工群,化工_现场施工_260711_007.jpg,260711,5bcc2dbd727ee761a45d4385ad36d11a.jpg,479741,现场施工,高,,,,,,,,,,,,施工,无,,程序化,260822,已复核通过
化工群,化工_现场施工_260709_003.jpg,260709,5bd71c0f48f0bf5ca501dd799a7d261a.jpg,635345,现场施工,高,,,,,,,,,,,,施工,无,,程序化,260822,已复核通过
化工群,化工_现场施工_260620_006.jpg,260620,5c0a0dda7c34d9f9b2029fa2a1521f2c.jpg,360044,现场施工,高,,,,,,,,,,,,施工,无,,程序化,260822,已复核通过
化工群,化工_现场施工_260716_016.jpg,260716,5c2a599cb1d5bcaebb75d7357b01b175.jpg,737544,现场施工,高,,,,,,,,,,,,施工,无,,程序化,260822,已复核通过
化工群,化工_现场施工_260617_010.jpg,260617,5ca52af8facda51753c3c6384f63ab50.jpg,443166,现场施工,高,,,,,,,,,,,,施工,无,,程序化,260822,已复核通过
化工群,化工_现场施工_260611_010.jpg,260611,5ccd3d80fa68e65f608063eb0dd9d84f.jpg,866922,现场施工,高,,,,,,,,,,,,施工,无,,程序化,260822,已复核通过
化工群,化工_现场施工_260707_005.jpg,260707,5d0e87c3a24d71917899ca4b4860a56c.jpg,1010767,现场施工,高,,,,,,,,,,,,施工,无,,程序化,260822,已复核通过
化工群,化工_现场施工_260625_009.jpg,260625,5d68b8e09149f25fe30899fbffa13708.jpg,409964,现场施工,高,,,,,,,,,,,,施工,无,,程序化,260822,已复核通过
化工群,化工_现场施工_260708_007.jpg,260708,5da404350d824d99de20d0d8d1692d97.jpg,1181753,现场施工,高,,,,,,,,,,,,施工,无,,程序化,260822,已复核通过
化工群,化工_现场施工_260613_013.jpg,260613,5dd49905227d70032f9ff4c79e636d40.jpg,481519,现场施工,高,,,,,,,,,,,,施工,无,,程序化,260822,已复核通过
化工群,化工_现场施工_260630_005.jpg,260630,5df2812bb4484138475ba4ae0de321b8.jpg,202918,现场施工,高,,,,,,,,,,,,施工,无,,程序化,260822,已复核通过
化工群,化工_现场施工_260612_012.jpg,260612,5df391f717d44b6f4279a57f61d5db30.jpg,1426484,现场施工,高,,,,,,,,,,,,施工,无,,程序化,260822,已复核通过
化工群,化工_现场施工_260606_002.jpg,260606,5eade61b347bab2a0763489ffb5734f8.jpg,335185,现场施工,高,,,,,,,,,,,,施工,无,,程序化,260822,已复核通过
化工群,化工_现场施工_260717_019.jpg,260717,5ef5869245cdc8270c1de60047aada9b.jpg,556127,现场施工,高,,,,,,,,,,,,施工,无,,程序化,260822,已复核通过
化工群,化工_现场施工_260531_007.jpg,260531,5f2e0e907e5ed3490891c354eb5efb9d.jpg,477745,现场施工,高,,,,,,,,,,,,施工,无,,程序化,260822,已复核通过
化工群,化工_氯化铵新增检查井盖板验收_260818_003.jpg,260818,5f32243c6abbcb80aa62005b5c536546.jpg,474111,氯化铵新增检查井盖板验收,高,,,,,,,,,,,,验收,无,,程序化,260822,已复核通过
化工群,化工_纯碱3号池子_260626_004.jpg,260626,5f68fa55a0c5c74505771f7b5cf93965.jpg,458928,纯碱3号池子,高,,,,,,,,,,,,验收,无,,程序化,260822,已复核通过
化工群,化工_现场施工_260708_008.jpg,260708,5fb91e9f823189826c8b1f132b906ac3.jpg,1497891,现场施工,高,,,,,,,,,,,,施工,无,,程序化,260822,已复核通过
化工群,化工_纯碱2号_260715_002.jpg,260715,5fe0ca1c647ebce13b0a6ffcd433c5e9.jpg,530115,纯碱2号,高,,,,,,,,,,,,验收,无,,程序化,260822,已复核通过
化工群,化工_现场施工_260609_005.jpg,260609,5fe4d61b1f97ceed9e48fdc8cf121053.jpg,229887,现场施工,高,,,,,,,,,,,,施工,无,,程序化,260822,已复核通过
化工群,化工_氯化铵4# 9#污水池_260714_002.jpg,260714,612aeca46d5bbd9ef11b93ead80c941b.jpg,398145,氯化铵4# 9#污水池,高,,,,,,,,,,,,验收,无,,程序化,260822,已复核通过
化工群,化工_现场施工_260630_006.jpg,260630,6157f03b6728db2b9166352636ad3641.jpg,591488,现场施工,高,,,,,,,,,,,,施工,无,,程序化,260822,已复核通过
化工群,化工_现场施工_260602_002.jpg,260602,61cc074eea45eaed47ae7dec2dd21a34.jpg,384650,现场施工,高,,,,,,,,,,,,施工,无,,程序化,260822,已复核通过
化工群,化工_现场施工_260606_003.jpg,260606,61f94c54c7847137a6fa3c0801a56c0e.jpg,499645,现场施工,高,,,,,,,,,,,,施工,无,,程序化,260822,已复核通过
化工群,化工_现场施工_260710_004.jpg,260710,61fd5ef215bb39190b98c3b5cd5005f3.jpg,910225,现场施工,高,,,,,,,,,,,,施工,无,,程序化,260822,已复核通过
化工群,化工_现场施工_260701_007.jpg,260701,6302dd62a9d75c1b0ab73a00e213a2fe.jpg,498600,现场施工,高,,,,,,,,,,,,施工,无,,程序化,260822,已复核通过
化工群,化工_现场施工_260721_004.jpg,260721,6346cb5a412816373333bce9161735ef.jpg,571130,现场施工,高,,,,,,,,,,,,施工,无,,程序化,260822,已复核通过
化工群,化工_现场施工_260711_008.jpg,260711,63b2b7688176ae29b02cd7d9101635b9.jpg,448680,现场施工,高,,,,,,,,,,,,施工,无,,程序化,260822,已复核通过
化工群,化工_检查井盖板_260808_004.jpg,260808,6408bbb6c94c3f8d88ae631c5d57da4b.jpg,528633,检查井盖板,高,,,,,,,,,,,,验收,无,,程序化,260822,已复核通过
化工群,化工_纯碱污水池_260715_002.jpg,260715,641dfbe106d3d5ede7905c1d9b67e5ed.jpg,481920,纯碱污水池,高,,,,,,,,,,,,验收,无,,程序化,260822,已复核通过
化工群,化工_现场施工_260714_008.jpg,260714,64919679755ba73929d0c54912bc6d86.jpg,922423,现场施工,高,,,,,,,,,,,,施工,无,,程序化,260822,已复核通过
化工群,化工_现场施工_260601_007.jpg,260601,64cbd9a1c361ffaf819eef3eb48a9fc8.jpg,366032,现场施工,高,,,,,,,,,,,,施工,无,,程序化,260822,已复核通过
化工群,化工_氯化铵12#_260724_001.jpg,260724,64f7c1b271a30ff6afb3035b4d18953f.jpg,522645,氯化铵12#,高,,,,,,,,,,,,验收,无,,程序化,260822,已复核通过
化工群,化工_现场施工_260701_008.jpg,260701,651773df4321692d353c6897a24ae12a.jpg,499341,现场施工,高,,,,,,,,,,,,施工,无,,程序化,260822,已复核通过
化工群,化工_现场施工_260607_002.jpg,260607,6522b4524240c3060a579e971b9c495c.jpg,448140,现场施工,高,,,,,,,,,,,,施工,无,,程序化,260822,已复核通过
化工群,化工_现场施工_260726_005.jpg,260726,6547a6ecea64ac0db9fb7c2d898f90e5.jpg,557930,现场施工,高,,,,,,,,,,,,施工,无,,程序化,260822,已复核通过
化工群,化工_纯碱3#_260715_003.jpg,260715,65e615443c6126da96338447e575e41c.jpg,459025,纯碱3#,高,,,,,,,,,,,,验收,无,,程序化,260822,已复核通过
化工群,化工_纯碱沟槽_260626_002.jpg,260626,65ef2ea3d87e942bf0b957af8f31be2b.jpg,511484,纯碱沟槽,高,,,,,,,,,,,,验收,无,,程序化,260822,已复核通过
化工群,化工_现场施工_260716_017.jpg,260716,66220b0ea9f6722daddc0a53b4ee3e54.jpg,437407,现场施工,高,,,,,,,,,,,,施工,无,,程序化,260822,已复核通过
化工群,化工_现场施工_260713_001.jpg,260713,669f30e6682b03d4a00b00a04146a4ef.jpg,447739,现场施工,高,,,,,,,,,,,,施工,无,,程序化,260822,已复核通过
化工群,化工_现场施工_260705_007.jpg,260705,672e834f7cd2569a8329e90b0dd46eb6.jpg,541939,现场施工,高,,,,,,,,,,,,施工,无,,程序化,260822,已复核通过
化工群,化工_现场施工_260717_020.jpg,260717,673fc8b3cff2d3edf537b8aa2fd449cb.jpg,668754,现场施工,高,,,,,,,,,,,,施工,无,,程序化,260822,已复核通过
化工群,化工_现场施工_260716_018.jpg,260716,6752039e47cbd3433b7e21109efee19f.jpg,1235333,现场施工,高,,,,,,,,,,,,施工,无,,程序化,260822,已复核通过
化工群,化工_现场施工_260616_002.jpg,260616,68178d4028b7b9b7bab8b16da6f6938b.jpg,337672,现场施工,高,,,,,,,,,,,,施工,无,,程序化,260822,已复核通过
化工群,化工_现场施工_260618_009.jpg,260618,6853c24d0d630e1e7d25550ba96aee5f.jpg,8285185,现场施工,高,,,,,,,,,,,,施工,无,,程序化,260822,已复核通过
化工群,化工_现场施工_260709_004.jpg,260709,68957d61d62f9de6cc2c5adbaa468412.jpg,926738,现场施工,高,,,,,,,,,,,,施工,无,,程序化,260822,已复核通过
化工群,化工_氯化铵4-6号污水池、应急污水池盖板验收_260818_002.jpg,260818,68b010f5384a1e3057e4c0e04ce0f07f.jpg,535782,氯化铵4-6号污水池、应急污水池盖板验收,高,,,,,,,,,,,,验收,无,,程序化,260822,已复核通过
化工群,化工_现场施工_260730_002.jpg,260730,68d0e6b10c529409f7286b95d353c69d.jpg,1610579,现场施工,高,,,,,,,,,,,,施工,无,,程序化,260822,已复核通过
化工群,化工_现场施工_260609_006.jpg,260609,69471616e5a53ab9b0f607f230294e3b.jpg,432594,现场施工,高,,,,,,,,,,,,施工,无,,程序化,260822,已复核通过
化工群,化工_煤油实验_260628_001.jpg,260628,69a24dd215408f1c447f69eeee4ebba9.jpg,613329,煤油实验,高,,,,,,,,,,,,验收,无,,程序化,260822,已复核通过
化工群,化工_现场施工_260703_013.jpg,260703,69d4704949093c96070631a9add61113.jpg,186607,现场施工,高,,,,,,,,,,,,施工,无,,程序化,260822,已复核通过
化工群,化工_现场施工_260708_009.jpg,260708,69f94584c4aeef3c6f4843ce0c5c3a89.jpg,412321,现场施工,高,,,,,,,,,,,,施工,无,,程序化,260822,已复核通过
化工群,化工_现场施工_260604_005.jpg,260604,6a90439273d5b7acc0558e71d64e8f53.jpg,853053,现场施工,高,,,,,,,,,,,,施工,无,,程序化,260822,已复核通过
化工群,化工_现场施工_260622_006.jpg,260622,6aa8d6b03a44bd52ee65ff49ec9fba95.jpg,444165,现场施工,高,,,,,,,,,,,,施工,无,,程序化,260822,已复核通过
化工群,化工_现场施工_260530_008.jpg,260530,6abfecbcd8b43edbaf7338cdde77fa78.jpg,662572,现场施工,高,,,,,,,,,,,,施工,无,,程序化,260822,已复核通过
化工群,化工_现场施工_260724_004.jpg,260724,6afe4e4a57e7d1e7ab792abb309e57eb.jpg,347069,现场施工,高,,,,,,,,,,,,施工,无,,程序化,260822,已复核通过
化工群,化工_现场施工_260604_006.jpg,260604,6b7d456aee7cb2b5e41df96aeb92a130.jpg,829070,现场施工,高,,,,,,,,,,,,施工,无,,程序化,260822,已复核通过
化工群,化工_J-01、J-02、J-03_260717_002.jpg,260717,6c172cbd491fc91def0776b972af5a83.jpg,366481,J-01、J-02、J-03,高,,,,,,,,,,,,验收,无,,程序化,260822,已复核通过
化工群,化工_现场施工_260704_004.jpg,260704,6c883906081bb1ba7834d071571ca000.jpg,350068,现场施工,高,,,,,,,,,,,,施工,无,,程序化,260822,已复核通过
化工群,化工_现场施工_260611_011.jpg,260611,6c9ff6f899a4ba74fe585f8666a1ec54.jpg,524685,现场施工,高,,,,,,,,,,,,施工,无,,程序化,260822,已复核通过
化工群,化工_现场施工_260527_001.jpg,260527,6ca6d115ec98b06b74c08a062e536d9c.jpg,332383,现场施工,高,,,,,,,,,,,,施工,无,,程序化,260822,已复核通过
化工群,化工_现场施工_260528_003.jpg,260528,6ccbd7eb8f4753b86fcb43615caf0a81.jpg,801027,现场施工,高,,,,,,,,,,,,施工,无,,程序化,260822,已复核通过
化工群,化工_现场施工_260703_014.jpg,260703,6d07221a3d420b11679f8149205e1876.jpg,402248,现场施工,高,,,,,,,,,,,,施工,无,,程序化,260822,已复核通过
化工群,化工_现场施工_260617_011.jpg,260617,6d2134f3bfaf2b1202d4d7f34bd6dbda.jpg,534038,现场施工,高,,,,,,,,,,,,施工,无,,程序化,260822,已复核通过
化工群,化工_氯化铵2#污水池清淤_260813_002.jpg,260813,6dd9a9955fd3185553d09781047e8482.jpg,527975,氯化铵2#污水池清淤,高,,,,,,,,,,,,验收,无,,程序化,260822,已复核通过
化工群,化工_现场施工_260530_009.jpg,260530,6df62bd0ed42520a0783db7b067bd2c2.jpg,3208096,现场施工,高,,,,,,,,,,,,施工,无,,程序化,260822,已复核通过
化工群,化工_现场施工_260726_006.jpg,260726,6df950a697d5bd8d4da5373e789e0e11.jpg,1684747,现场施工,高,,,,,,,,,,,,施工,无,,程序化,260822,已复核通过
化工群,化工_现场施工_260621_004.png,260621,6e05f273728d07024796265da195fe91.png,15335,现场施工,高,,,,,,,,,,,,施工,无,,程序化,260822,已复核通过
化工群,化工_现场施工_260606_004.jpg,260606,6e857ec98d106cbdbf38ca12f754f893.jpg,467711,现场施工,高,,,,,,,,,,,,施工,无,,程序化,260822,已复核通过
化工群,化工_108管子_260730_002.jpg,260730,6e881bc266615a65d89fcfb368a72179.jpg,516773,108管子,高,,,,,,,,,,,,验收,无,,程序化,260822,已复核通过
化工群,化工_现场施工_260617_012.jpg,260617,6e8d3a9c893ea1b67aa45b3d30b58e10.jpg,625215,现场施工,高,,,,,,,,,,,,施工,无,,程序化,260822,已复核通过
化工群,化工_现场施工_260714_009.jpg,260714,6e8e9c8dac7e0eea8c106b3bc591616e.jpg,703770,现场施工,高,,,,,,,,,,,,施工,无,,程序化,260822,已复核通过
化工群,化工_现场施工_260608_006.jpg,260608,6e912b1b48edc38f4209b5d74943186c.jpg,387004,现场施工,高,,,,,,,,,,,,施工,无,,程序化,260822,已复核通过
化工群,化工_现场施工_260615_006.jpg,260615,6ec9faac7fe27044bdf5434cd043e403.jpg,542885,现场施工,高,,,,,,,,,,,,施工,无,,程序化,260822,已复核通过
化工群,化工_现场施工_260611_012.jpg,260611,6f129e2c3f9b4db21ba312726b16eec8.jpg,514601,现场施工,高,,,,,,,,,,,,施工,无,,程序化,260822,已复核通过
化工群,化工_现场施工_260714_010.jpg,260714,6f4ccf4be5883d06a032b10bd2032e68.jpg,324683,现场施工,高,,,,,,,,,,,,施工,无,,程序化,260822,已复核通过
化工群,化工_现场施工_260531_008.jpg,260531,6f82ebfb353339fb1c9b14a3d410d2ee.jpg,643344,现场施工,高,,,,,,,,,,,,施工,无,,程序化,260822,已复核通过
化工群,化工_现场施工_260715_009.jpg,260715,6fb87d24f50019d9485838f1f231036c.jpg,673218,现场施工,高,,,,,,,,,,,,施工,无,,程序化,260822,已复核通过
化工群,化工_现场施工_260716_019.jpg,260716,6fd3b742068c4df19d8535a100d17e4e.jpg,1414560,现场施工,高,,,,,,,,,,,,施工,无,,程序化,260822,已复核通过
化工群,化工_氯化铵沟槽_260627_003.jpg,260627,70c04dc443c73c90f1e3f049b50d899a.jpg,625724,氯化铵沟槽,高,,,,,,,,,,,,验收,无,,程序化,260822,已复核通过
化工群,化工_现场施工_260723_007.jpg,260723,70c530b2361db8d70819b0651b8ea17d.jpg,626311,现场施工,高,,,,,,,,,,,,施工,无,,程序化,260822,已复核通过
化工群,化工_现场施工_260715_010.jpg,260715,70e16ddda3a2be58311f3deea88a705c.jpg,850056,现场施工,高,,,,,,,,,,,,施工,无,,程序化,260822,已复核通过
化工群,化工_现场施工_260730_003.jpg,260730,7104c10010c816df8197c41d37c44b22.jpg,424001,现场施工,高,,,,,,,,,,,,施工,无,,程序化,260822,已复核通过
化工群,化工_现场施工_260715_011.jpg,260715,7107903f32b789bdac2762649a911549.jpg,1183215,现场施工,高,,,,,,,,,,,,施工,无,,程序化,260822,已复核通过
化工群,化工_氯化铵新增检查井盖板验收_260818_004.jpg,260818,71f106107726bd8cf740d46383ee3e55.jpg,224558,氯化铵新增检查井盖板验收,高,,,,,,,,,,,,验收,无,,程序化,260822,已复核通过
化工群,化工_现场施工_260615_007.jpg,260615,72e842c591dcd7563efa40bea04c669b.jpg,474743,现场施工,高,,,,,,,,,,,,施工,无,,程序化,260822,已复核通过
化工群,化工_现场施工_260628_005.jpg,260628,732176749269790af0ed296ecca40fcb.jpg,495134,现场施工,高,,,,,,,,,,,,施工,无,,程序化,260822,已复核通过
化工群,化工_现场施工_260715_012.jpg,260715,7323b039ee7bfa95767443ebce8f0fe8.jpg,633179,现场施工,高,,,,,,,,,,,,施工,无,,程序化,260822,已复核通过
化工群,化工_纯碱混凝土沟槽_260808_001.jpg,260808,735005861ef84fd2bfc092c2781dd67a.jpg,457028,纯碱混凝土沟槽,高,,,,,,,,,,,,验收,无,,程序化,260822,已复核通过
化工群,化工_现场施工_260716_020.jpg,260716,73743b421bc99c3c736de6ad5cf6995d.jpg,1146606,现场施工,高,,,,,,,,,,,,施工,无,,程序化,260822,已复核通过
化工群,化工_现场施工_260725_004.jpg,260725,73c1e2aaecac758ad28b634974f2fde5.jpg,618002,现场施工,高,,,,,,,,,,,,施工,无,,程序化,260822,已复核通过
化工群,化工_现场施工_260628_006.jpg,260628,743bd2ef3dc2fc0a9db59a918989e840.jpg,7805147,现场施工,高,,,,,,,,,,,,施工,无,,程序化,260822,已复核通过
化工群,化工_氯化铵1号池子_260626_002.jpg,260626,74cedff4b842a80a840983c3ed909584.jpg,299891,氯化铵1号池子,高,,,,,,,,,,,,验收,无,,程序化,260822,已复核通过
化工群,化工_现场施工_260616_003.jpg,260616,7525399b5b0bcf0c94971c497aded587.jpg,527458,现场施工,高,,,,,,,,,,,,施工,无,,程序化,260822,已复核通过
化工群,化工_检查井盖板_260808_005.jpg,260808,75315d3324de694adacb043344297a14.jpg,542732,检查井盖板,高,,,,,,,,,,,,验收,无,,程序化,260822,已复核通过
化工群,化工_氯化铵2#污水池清淤_260715_004.jpg,260715,7581189bcad13302f71f02349f30c1a9.jpg,533015,氯化铵2#污水池清淤,高,,,,,,,,,,,,验收,无,,程序化,260822,已复核通过
化工群,化工_现场施工_260724_005.jpg,260724,75a38303c3ec3c7580dda1a9b51ab38a.jpg,477772,现场施工,高,,,,,,,,,,,,施工,无,,程序化,260822,已复核通过
化工群,化工_氯化铵1#污水池沟槽_260803_001.jpg,260803,76340dde066713d024b3a91f1ad59046.jpg,543025,氯化铵1#污水池沟槽,高,,,,,,,,,,,,验收,无,,程序化,260822,已复核通过
化工群,化工_现场施工_260704_005.jpg,260704,763612241b36778c7b926bb4b0814c96.jpg,375764,现场施工,高,,,,,,,,,,,,施工,无,,程序化,260822,已复核通过
化工群,化工_现场施工_260714_011.jpg,260714,76f0a561fea18051270eadea17adc2a3.jpg,507870,现场施工,高,,,,,,,,,,,,施工,无,,程序化,260822,已复核通过
化工群,化工_现场施工_260701_009.jpg,260701,772ad7fa1a5dbdfe1cd4f16373cf82fd.jpg,518287,现场施工,高,,,,,,,,,,,,施工,无,,程序化,260822,已复核通过
化工群,化工_现场施工_260713_002.jpg,260713,779bd4cd07774471a3b6e5b6538e5487.jpg,432504,现场施工,高,,,,,,,,,,,,施工,无,,程序化,260822,已复核通过
化工群,化工_现场施工_260714_012.jpg,260714,77a0970306ef65ab1b595d239b572eeb.jpg,520132,现场施工,高,,,,,,,,,,,,施工,无,,程序化,260822,已复核通过
化工群,化工_纯碱236#污水池清淤_260813_002.jpg,260813,77ce096b034ae442d8605bebd6945b75.jpg,5979534,纯碱236#污水池清淤,高,,,,,,,,,,,,验收,无,,程序化,260822,已复核通过
化工群,化工_现场施工_260713_003.jpg,260713,77d35d07e288a59e18a46cefa1b154ba.jpg,1156602,现场施工,高,,,,,,,,,,,,施工,无,,程序化,260822,已复核通过
化工群,化工_现场施工_260620_007.jpg,260620,77edd3e36f934bad9898ca926b093298.jpg,379906,现场施工,高,,,,,,,,,,,,施工,无,,程序化,260822,已复核通过
化工群,化工_纯碱车间2#污水池沟槽_260708_002.jpg,260708,7833f97b5c5b058a4159e42af65b74c2.jpg,312295,纯碱车间2#污水池沟槽,高,,,,,,,,,,,,验收,无,,程序化,260822,已复核通过
化工群,化工_现场施工_260604_007.jpg,260604,78ec2f7c2af0d5ff2639b2a7e7aa3837.jpg,905049,现场施工,高,,,,,,,,,,,,施工,无,,程序化,260822,已复核通过
化工群,化工_现场施工_260627_002.jpg,260627,7902e096e2f5d1ac4ae6ccbe5f8bd737.jpg,488237,现场施工,高,,,,,,,,,,,,施工,无,,程序化,260822,已复核通过
化工群,化工_氯化铵5 6 8#污水池_260711_004.jpg,260711,790f164b9884564690fff542d4e5c946.jpg,392725,氯化铵5 6 8#污水池,高,,,,,,,,,,,,验收,无,,程序化,260822,已复核通过
化工群,化工_现场施工_260707_006.png,260707,79a1b4dc4f485de63a2b927d1455d43e.png,16816,现场施工,高,,,,,,,,,,,,施工,无,,程序化,260822,已复核通过
化工群,化工_现场施工_260710_005.jpg,260710,79bed2d5e0c9ba032800d192bf8ef3e0.jpg,504996,现场施工,高,,,,,,,,,,,,施工,无,,程序化,260822,已复核通过
化工群,化工_现场施工_260607_003.jpg,260607,7a15b7582308e7f0aad6f89fac3e5e66.jpg,389958,现场施工,高,,,,,,,,,,,,施工,无,,程序化,260822,已复核通过
化工群,化工_现场施工_260625_010.jpg,260625,7a63a57b9864a1ee8ea8558b322e1db4.jpg,219576,现场施工,高,,,,,,,,,,,,施工,无,,程序化,260822,已复核通过
化工群,化工_现场施工_260719_002.jpg,260719,7a83cbee812ac29be61aa9fd131e2d7f.jpg,632001,现场施工,高,,,,,,,,,,,,施工,无,,程序化,260822,已复核通过
化工群,化工_现场施工_260610_008.jpg,260610,7a9e3418fc7c9e2cd538b9f829746391.jpg,439553,现场施工,高,,,,,,,,,,,,施工,无,,程序化,260822,已复核通过
化工群,化工_现场施工_260616_004.jpg,260616,7ad74a7993fa8edd62a7720fa190f759.jpg,512302,现场施工,高,,,,,,,,,,,,施工,无,,程序化,260822,已复核通过
化工群,化工_现场施工_260610_009.jpg,260610,7ae9f84f5cc2cb1e4ed89ec10dc3593c.jpg,366121,现场施工,高,,,,,,,,,,,,施工,无,,程序化,260822,已复核通过
化工群,化工_现场施工_260610_010.jpg,260610,7b562a096f38624bd5035f96c720e72b.jpg,1059724,现场施工,高,,,,,,,,,,,,施工,无,,程序化,260822,已复核通过
化工群,化工_现场施工_260606_005.jpg,260606,7baf5e676cec82b81dc9d8a45bdac44b.jpg,474682,现场施工,高,,,,,,,,,,,,施工,无,,程序化,260822,已复核通过
化工群,化工_现场施工_260611_013.jpg,260611,7bb7b4519f05ae6a2df156d7f9567648.jpg,455717,现场施工,高,,,,,,,,,,,,施工,无,,程序化,260822,已复核通过
化工群,化工_验收_260703_003.jpg,260703,7c48a1a4795c9843e0ba999e028112e1.jpg,514500,验收,高,,,,,,,,,,,,验收,无,,程序化,260822,已复核通过
化工群,化工_纯碱2356盖板_260805_001.jpg,260805,7c968ea5c6cfcf316558e545f1e5ccc7.jpg,533892,纯碱2356盖板,高,,,,,,,,,,,,验收,无,,程序化,260822,已复核通过
化工群,化工_现场施工_260706_004.png,260706,7cad5ddbd375ada5b7757502c3ec2077.png,18767,现场施工,高,,,,,,,,,,,,施工,无,,程序化,260822,已复核通过
化工群,化工_现场施工_260601_008.jpg,260601,7cc335abbd9b61cb2cd5d2576c3492f5.jpg,393710,现场施工,高,,,,,,,,,,,,施工,无,,程序化,260822,已复核通过
化工群,化工_现场施工_260614_010.jpg,260614,7d43e202e5a8bd39d2e2e16645dba463.jpg,409717,现场施工,高,,,,,,,,,,,,施工,无,,程序化,260822,已复核通过
化工群,化工_氯化铵_260803_003.jpg,260803,7d979c77f44537f1237b5f577052e00d.jpg,484894,氯化铵,高,,,,,,,,,,,,验收,无,,程序化,260822,已复核通过
化工群,化工_现场施工_260608_007.jpg,260608,7df3a47b0ed2a993b230dad68337d45c.jpg,386957,现场施工,高,,,,,,,,,,,,施工,无,,程序化,260822,已复核通过
化工群,化工_纯碱236#污水池清淤_260715_004.jpg,260715,7e1d3640c69e1732472f39eb238192a9.jpg,511659,纯碱236#污水池清淤,高,,,,,,,,,,,,验收,无,,程序化,260822,已复核通过
化工群,化工_现场施工_260601_009.jpg,260601,7e56be3e0d36e22457de9eaa6a6fc5e9.jpg,732192,现场施工,高,,,,,,,,,,,,施工,无,,程序化,260822,已复核通过
化工群,化工_现场施工_260604_008.jpg,260604,7e7effbe7ceb571f4d39cab40c5ea560.jpg,492388,现场施工,高,,,,,,,,,,,,施工,无,,程序化,260822,已复核通过
化工群,化工_现场施工_260808_001.jpg,260808,7e8423afa82515d6ccfa410d3b5ee05b.jpg,379736,现场施工,高,,,,,,,,,,,,施工,无,,程序化,260822,已复核通过
化工群,化工_现场施工_260614_011.jpg,260614,7e902461d4f1f1ab0c771a0c8fd66226.jpg,503333,现场施工,高,,,,,,,,,,,,施工,无,,程序化,260822,已复核通过
化工群,化工_氯化铵沟槽_260627_004.jpg,260627,7eb0dd02caf78fbdec9094834acb1de5.jpg,536623,氯化铵沟槽,高,,,,,,,,,,,,验收,无,,程序化,260822,已复核通过
化工群,化工_现场施工_260624_004.jpg,260624,7ed0a9d94a3e738066825896c45568f8.jpg,437828,现场施工,高,,,,,,,,,,,,施工,无,,程序化,260822,已复核通过
化工群,化工_现场施工_260706_005.jpg,260706,7f7da8f799f00c861f94a274c0c9ff46.jpg,494526,现场施工,高,,,,,,,,,,,,施工,无,,程序化,260822,已复核通过
化工群,化工_现场施工_260731_002.jpg,260731,7f8d902948421df448d2d45afe9efc35.jpg,618014,现场施工,高,,,,,,,,,,,,施工,无,,程序化,260822,已复核通过
化工群,化工_现场施工_260610_011.jpg,260610,7fe7e22b5d17c014ee5e1b48940b96fa.jpg,520448,现场施工,高,,,,,,,,,,,,施工,无,,程序化,260822,已复核通过
化工群,化工_现场施工_260703_015.png,260703,803b00ce2ed842923b58faa423e266bb.png,10920,现场施工,高,,,,,,,,,,,,施工,无,,程序化,260822,已复核通过
化工群,化工_现场施工_260808_002.jpg,260808,80499f911b14d32aad60896db3735a4c.jpg,352865,现场施工,高,,,,,,,,,,,,施工,无,,程序化,260822,已复核通过
化工群,化工_现场施工_260614_012.jpg,260614,804e95d5225c4c365bbfbb3e1f6d0cc6.jpg,482187,现场施工,高,,,,,,,,,,,,施工,无,,程序化,260822,已复核通过
化工群,化工_现场施工_260704_006.jpg,260704,8056708f0eda74aa46fea6c930e6f133.jpg,591837,现场施工,高,,,,,,,,,,,,施工,无,,程序化,260822,已复核通过
化工群,化工_氯化铵应急污水池_260716_001.jpg,260716,8090f9ce97a384e71a2695b5e20f2f62.jpg,495620,氯化铵应急污水池,高,,,,,,,,,,,,验收,无,,程序化,260822,已复核通过
化工群,化工_现场施工_260807_004.jpg,260807,80e2fb1ac1ddef1d56e5aca06af43eae.jpg,824359,现场施工,高,,,,,,,,,,,,施工,无,,程序化,260822,已复核通过
化工群,化工_纯碱5#污水池_260727_001.jpg,260727,81aee1c43f7fa16517f09a083526ff32.jpg,573727,纯碱5#污水池,高,,,,,,,,,,,,验收,无,,程序化,260822,已复核通过
化工群,化工_现场施工_260601_010.jpg,260601,8220c383e3c7792edf1a78174641aa33.jpg,1634583,现场施工,高,,,,,,,,,,,,施工,无,,程序化,260822,已复核通过
化工群,化工_现场施工_260715_013.jpg,260715,82dec848e1e88d0d4bdbab1e556307cd.jpg,860407,现场施工,高,,,,,,,,,,,,施工,无,,程序化,260822,已复核通过
化工群,化工_现场施工_260703_016.jpg,260703,836fa9ccdc78b112d7002a8d1b12863f.jpg,434599,现场施工,高,,,,,,,,,,,,施工,无,,程序化,260822,已复核通过
化工群,化工_现场施工_260707_007.jpg,260707,83a0179071c564a143fd4b27c3b9edb7.jpg,402006,现场施工,高,,,,,,,,,,,,施工,无,,程序化,260822,已复核通过
化工群,化工_1#2#氮氨泵_260728_003.jpg,260728,83be2ecc5ef13e5a2531ccb48271c2a9.jpg,398702,1#2#氮氨泵,高,,,,,,,,,,,,验收,无,,程序化,260822,已复核通过
化工群,化工_氯化铵5 6 8#污水池_260711_005.jpg,260711,83e1e6e4dceeb82baabcb076cc33ad03.jpg,318842,氯化铵5 6 8#污水池,高,,,,,,,,,,,,验收,无,,程序化,260822,已复核通过
化工群,化工_现场施工_260613_014.jpg,260613,83ea9ab4675eeeb8fbc4e7245aed0d34.jpg,490955,现场施工,高,,,,,,,,,,,,施工,无,,程序化,260822,已复核通过
化工群,化工_现场施工_260606_006.jpg,260606,840e427748c07ac01b5d647e7fc6810f.jpg,578842,现场施工,高,,,,,,,,,,,,施工,无,,程序化,260822,已复核通过
化工群,化工_现场施工_260714_013.jpg,260714,842daf123f0ebbef63257acb85890a86.jpg,368778,现场施工,高,,,,,,,,,,,,施工,无,,程序化,260822,已复核通过
化工群,化工_现场施工_260601_011.jpg,260601,84476084992c1779218fa5d66fb14d08.jpg,361964,现场施工,高,,,,,,,,,,,,施工,无,,程序化,260822,已复核通过
化工群,化工_现场施工_260731_003.jpg,260731,844dfda619a1763af14c0998cc3d1e7d.jpg,524715,现场施工,高,,,,,,,,,,,,施工,无,,程序化,260822,已复核通过
化工群,化工_现场施工_260608_008.jpg,260608,846004cab342396bc51239df683b7dae.jpg,333813,现场施工,高,,,,,,,,,,,,施工,无,,程序化,260822,已复核通过
化工群,化工_氯化铵12#_260724_002.jpg,260724,847ed2d54960fed51b5a60e288d8e269.jpg,504641,氯化铵12#,高,,,,,,,,,,,,验收,无,,程序化,260822,已复核通过
化工群,化工_现场施工_260715_014.jpg,260715,84d577896b6466d8f4032763eb224ec3.jpg,1055570,现场施工,高,,,,,,,,,,,,施工,无,,程序化,260822,已复核通过
化工群,化工_现场施工_260704_007.jpg,260704,851990faf3714127f491fd55f08b68cc.jpg,459025,现场施工,高,,,,,,,,,,,,施工,无,,程序化,260822,已复核通过
化工群,化工_现场施工_260613_015.jpg,260613,855fd31248e2bb99f91d5253c1c552cc.jpg,422968,现场施工,高,,,,,,,,,,,,施工,无,,程序化,260822,已复核通过
化工群,化工_现场施工_260703_017.jpg,260703,856175b23b71aea945dc69fb01844c47.jpg,329375,现场施工,高,,,,,,,,,,,,施工,无,,程序化,260822,已复核通过
化工群,化工_现场施工_260614_013.jpg,260614,856f9e764e9e332be739a5230166f48a.jpg,428730,现场施工,高,,,,,,,,,,,,施工,无,,程序化,260822,已复核通过
化工群,化工_氯化铵5 6 8#污水池_260711_006.jpg,260711,85839c4d736419aefb998b3c880370de.jpg,474693,氯化铵5 6 8#污水池,高,,,,,,,,,,,,验收,无,,程序化,260822,已复核通过
化工群,化工_现场施工_260716_021.jpg,260716,85b956492ee12c1b06184d101b3f00e5.jpg,669712,现场施工,高,,,,,,,,,,,,施工,无,,程序化,260822,已复核通过
化工群,化工_现场施工_260806_002.jpg,260806,85bfcdbea54142094c69b9d262eb1851.jpg,465678,现场施工,高,,,,,,,,,,,,施工,无,,程序化,260822,已复核通过
化工群,化工_现场施工_260529_003.jpg,260529,85d2035ba107a2284e8831b26ea87397.jpg,449792,现场施工,高,,,,,,,,,,,,施工,无,,程序化,260822,已复核通过
化工群,化工_现场施工_260618_010.jpg,260618,8677acb8464311d30b94124d4b896bea.jpg,394993,现场施工,高,,,,,,,,,,,,施工,无,,程序化,260822,已复核通过
化工群,化工_现场施工_260724_006.jpg,260724,867a3145c8cfdd3f58a9a72ccce291d1.jpg,501286,现场施工,高,,,,,,,,,,,,施工,无,,程序化,260822,已复核通过
化工群,化工_纯碱新增6789检查井_260726_004.jpg,260726,8693045c366f49741dee861ef2a0fc0a.jpg,407850,纯碱新增6789检查井,高,,,,,,,,,,,,验收,无,,程序化,260822,已复核通过
化工群,化工_现场施工_260602_003.jpg,260602,8725a722d4bc04e401e14fd8f0139cc7.jpg,515411,现场施工,高,,,,,,,,,,,,施工,无,,程序化,260822,已复核通过
化工群,化工_现场施工_260723_008.jpg,260723,876a81720221b8b56b702050491085ae.jpg,322848,现场施工,高,,,,,,,,,,,,施工,无,,程序化,260822,已复核通过
化工群,化工_现场施工_260702_002.png,260702,87e11dfb464786f402b575215694b11a.png,26000,现场施工,高,,,,,,,,,,,,施工,无,,程序化,260822,已复核通过
化工群,化工_现场施工_260617_013.jpg,260617,8807adf89be0fb6decb1fcb97d60f422.jpg,459272,现场施工,高,,,,,,,,,,,,施工,无,,程序化,260822,已复核通过
化工群,化工_现场施工_260801_002.jpg,260801,8926a3015dbbea64ed4399e036dd5094.jpg,1155193,现场施工,高,,,,,,,,,,,,施工,无,,程序化,260822,已复核通过
化工群,化工_现场施工_260726_007.jpg,260726,89da926cb5ecb60457c355bd92d5aac1.jpg,628585,现场施工,高,,,,,,,,,,,,施工,无,,程序化,260822,已复核通过
化工群,化工_现场施工_260703_018.jpg,260703,8a0e3c522e01409b32e8f3a9232b9798.jpg,200989,现场施工,高,,,,,,,,,,,,施工,无,,程序化,260822,已复核通过
化工群,化工_现场施工_260705_008.jpg,260705,8a2dd5e11d6e576783329472b4adae0e.jpg,493763,现场施工,高,,,,,,,,,,,,施工,无,,程序化,260822,已复核通过
化工群,化工_现场施工_260711_009.jpg,260711,8a59b82f2b457b0304f8fd6e7bcaeafc.jpg,1266020,现场施工,高,,,,,,,,,,,,施工,无,,程序化,260822,已复核通过
化工群,化工_现场施工_260625_011.jpg,260625,8af3973fb94719233a73d11b71b667d7.jpg,516560,现场施工,高,,,,,,,,,,,,施工,无,,程序化,260822,已复核通过
化工群,化工_现场施工_260714_014.jpg,260714,8b1198c631141ef0dcab5e2e9dfc2d26.jpg,609346,现场施工,高,,,,,,,,,,,,施工,无,,程序化,260822,已复核通过
化工群,化工_设备厂房托盘_260818_002.jpg,260818,8b349ebe9961468e9a3e286b6a0cc7aa.jpg,432321,设备厂房托盘,高,,,,,,,,,,,,验收,无,,程序化,260822,已复核通过
化工群,化工_现场施工_260704_008.jpg,260704,8b43d3c5304892a3a12c36c99c607d49.jpg,493015,现场施工,高,,,,,,,,,,,,施工,无,,程序化,260822,已复核通过
化工群,化工_现场施工_260602_004.jpg,260602,8b45f5d8d123b89a8f50cae1831402f2.jpg,350819,现场施工,高,,,,,,,,,,,,施工,无,,程序化,260822,已复核通过
化工群,化工_现场施工_260715_015.jpg,260715,8b73ae922b19b4d530132e621bd1e40c.jpg,965856,现场施工,高,,,,,,,,,,,,施工,无,,程序化,260822,已复核通过
化工群,化工_现场施工_260624_005.jpg,260624,8b76d599137be29a23f70aa39ee59d15.jpg,546538,现场施工,高,,,,,,,,,,,,施工,无,,程序化,260822,已复核通过
化工群,化工_现场施工_260707_008.jpg,260707,8bb2ca72b259b5a9a6f5b4355209191a.jpg,918088,现场施工,高,,,,,,,,,,,,施工,无,,程序化,260822,已复核通过
化工群,化工_氯化铵4-6号污水池、应急污水池盖板验收_260818_003.jpg,260818,8bd8254f90b106b963fcfb708a0d04cb.jpg,631134,氯化铵4-6号污水池、应急污水池盖板验收,高,,,,,,,,,,,,验收,无,,程序化,260822,已复核通过
化工群,化工_现场施工_260704_009.jpg,260704,8c43405c048e4993a00aeaefe0f615f5.jpg,323897,现场施工,高,,,,,,,,,,,,施工,无,,程序化,260822,已复核通过
化工群,化工_现场施工_260702_003.jpg,260702,8ccd72c9aa88f71715d1cd03c8fc1dac.jpg,519968,现场施工,高,,,,,,,,,,,,施工,无,,程序化,260822,已复核通过
化工群,化工_现场施工_260715_016.jpg,260715,8d6aa9ce6de3df370756150d4ec7396d.jpg,686245,现场施工,高,,,,,,,,,,,,施工,无,,程序化,260822,已复核通过
化工群,化工_纯碱新增6789检查井_260805_001.jpg,260805,8df9290e0b8e4e97f865cbe4e5a73c23.jpg,472770,纯碱新增6789检查井,高,,,,,,,,,,,,验收,无,,程序化,260822,已复核通过
化工群,化工_现场施工_260710_006.jpg,260710,8e0df0e5548b81941fa296aa17c9306c.jpg,537232,现场施工,高,,,,,,,,,,,,施工,无,,程序化,260822,已复核通过
化工群,化工_现场施工_260601_012.jpg,260601,8e24d5b2868f041c09cc19d3766d027c.jpg,742140,现场施工,高,,,,,,,,,,,,施工,无,,程序化,260822,已复核通过
化工群,化工_现场施工_260620_008.jpg,260620,8e3fd619ead312c22c02a2d9485ec65d.jpg,662579,现场施工,高,,,,,,,,,,,,施工,无,,程序化,260822,已复核通过
化工群,化工_现场施工_260807_005.jpg,260807,8f0d807ca275db4afdbcdbd358a3af51.jpg,327004,现场施工,高,,,,,,,,,,,,施工,无,,程序化,260822,已复核通过
化工群,化工_纯碱2356盖板_260808_002.jpg,260808,8f58e419e7d5d603077cbe5e3caa327a.jpg,465505,纯碱2356盖板,高,,,,,,,,,,,,验收,无,,程序化,260822,已复核通过
化工群,化工_现场施工_260616_005.jpg,260616,8fc6e282f2fc058b25a2ead77c5e624f.jpg,183212,现场施工,高,,,,,,,,,,,,施工,无,,程序化,260822,已复核通过
化工群,化工_氯化铵应急污水池沟槽_260715_003.jpg,260715,8ff8e56c7973e56101ce72caf93f85c5.jpg,528979,氯化铵应急污水池沟槽,高,,,,,,,,,,,,验收,无,,程序化,260822,已复核通过
化工群,化工_氯化铵_260803_004.jpg,260803,9026bca3ebf31799267a455984bf43ff.jpg,581648,氯化铵,高,,,,,,,,,,,,验收,无,,程序化,260822,已复核通过
化工群,化工_现场施工_260703_019.jpg,260703,903e7bffe1025f933d46b45f1442d971.jpg,323046,现场施工,高,,,,,,,,,,,,施工,无,,程序化,260822,已复核通过
化工群,化工_现场施工_260708_010.jpg,260708,905cf1cbca375b9a8fb68dff4a6f177c.jpg,492432,现场施工,高,,,,,,,,,,,,施工,无,,程序化,260822,已复核通过
化工群,化工_现场施工_260801_003.jpg,260801,908a2d54e836d712b2bbdd016e9188bf.jpg,419251,现场施工,高,,,,,,,,,,,,施工,无,,程序化,260822,已复核通过
化工群,化工_现场施工_260726_008.jpg,260726,90b39b883c5a517122455851d68ecf33.jpg,583946,现场施工,高,,,,,,,,,,,,施工,无,,程序化,260822,已复核通过
化工群,化工_检查井盖板_260808_006.jpg,260808,90e05e45bd4c3e262cef936f64ebd52e.jpg,501185,检查井盖板,高,,,,,,,,,,,,验收,无,,程序化,260822,已复核通过
化工群,化工_现场施工_260801_004.jpg,260801,9113b460dccf107b76b83549a5bad7ce.jpg,1119521,现场施工,高,,,,,,,,,,,,施工,无,,程序化,260822,已复核通过
化工群,化工_现场施工_260530_010.jpg,260530,911aee90798f8397f3c70e2ea5fcc4b2.jpg,684727,现场施工,高,,,,,,,,,,,,施工,无,,程序化,260822,已复核通过
化工群,化工_现场施工_260630_007.jpg,260630,916b23585254ee2e7c2604071853936b.jpg,291873,现场施工,高,,,,,,,,,,,,施工,无,,程序化,260822,已复核通过
化工群,化工_现场施工_260611_014.jpg,260611,918d57f5a71903d47c4dce64fae7d0f9.jpg,497761,现场施工,高,,,,,,,,,,,,施工,无,,程序化,260822,已复核通过
化工群,化工_现场施工_260629_003.jpg,260629,91c0d2dd0fd819983165c19e8c20b941.jpg,456295,现场施工,高,,,,,,,,,,,,施工,无,,程序化,260822,已复核通过
化工群,化工_氯化铵路面破除_260816_003.jpg,260816,91f01ec8a88d1200ef90fb711e8b10a6.jpg,407754,氯化铵路面破除,高,,,,,,,,,,,,验收,无,,程序化,260822,已复核通过
化工群,化工_氯化铵应急污水池沟槽_260715_004.jpg,260715,920369b0afdc2ba177078fafc9156fde.jpg,644177,氯化铵应急污水池沟槽,高,,,,,,,,,,,,验收,无,,程序化,260822,已复核通过
化工群,化工_现场施工_260721_005.jpg,260721,92156136f82e9b0974d45a2019114c77.jpg,628558,现场施工,高,,,,,,,,,,,,施工,无,,程序化,260822,已复核通过
化工群,化工_现场施工_260604_009.jpg,260604,9280a34bbce5432c2caa11f8b11c6fe1.jpg,942242,现场施工,高,,,,,,,,,,,,施工,无,,程序化,260822,已复核通过
化工群,化工_现场施工_260714_015.jpg,260714,92b0020b1b4a6ef0c9e64cc953ed8f6d.jpg,345460,现场施工,高,,,,,,,,,,,,施工,无,,程序化,260822,已复核通过
化工群,化工_现场施工_260610_012.jpg,260610,930ea9c58c8ecd260cf023a91b7fdc28.jpg,533998,现场施工,高,,,,,,,,,,,,施工,无,,程序化,260822,已复核通过
化工群,化工_现场施工_260604_010.jpg,260604,93498aedb5808b64d942a1871d6e0bc5.jpg,601500,现场施工,高,,,,,,,,,,,,施工,无,,程序化,260822,已复核通过
化工群,化工_现场施工_260625_012.jpg,260625,9363f49d753ad1ed4061e1c3e73be37c.jpg,127287,现场施工,高,,,,,,,,,,,,施工,无,,程序化,260822,已复核通过
化工群,化工_现场施工_260705_009.jpg,260705,936e66423ed140615031b778b8a90f10.jpg,880544,现场施工,高,,,,,,,,,,,,施工,无,,程序化,260822,已复核通过
化工群,化工_J05-J07_260703_002.jpg,260703,93812f2ba027562d7711f2840aaac508.jpg,557461,J05-J07,高,,,,,,,,,,,,验收,无,,程序化,260822,已复核通过
化工群,化工_现场施工_260630_008.jpg,260630,93818a7b3486bbd89cdb3265b2c0a917.jpg,260970,现场施工,高,,,,,,,,,,,,施工,无,,程序化,260822,已复核通过
化工群,化工_现场施工_260609_007.jpg,260609,9407e54fa5eb49453b1f08b01a1b24e6.jpg,345495,现场施工,高,,,,,,,,,,,,施工,无,,程序化,260822,已复核通过
化工群,化工_现场施工_260612_013.jpg,260612,942d1c8e66d2470692d646f621a7b1c0.jpg,809120,现场施工,高,,,,,,,,,,,,施工,无,,程序化,260822,已复核通过
化工群,化工_现场施工_260610_013.jpg,260610,94b23ce8755cee338d109792dd4404fe.jpg,332126,现场施工,高,,,,,,,,,,,,施工,无,,程序化,260822,已复核通过
化工群,化工_现场施工_260714_016.jpg,260714,94df7112b7b8dccbd14aba7e8b004b30.jpg,901434,现场施工,高,,,,,,,,,,,,施工,无,,程序化,260822,已复核通过
化工群,化工_现场施工_260606_007.jpg,260606,951eecfd046f755f036e7e0335e63bb9.jpg,2898512,现场施工,高,,,,,,,,,,,,施工,无,,程序化,260822,已复核通过
化工群,化工_现场施工_260717_021.jpg,260717,95278202eecd03b3690eb06a4d11b767.jpg,1289590,现场施工,高,,,,,,,,,,,,施工,无,,程序化,260822,已复核通过
化工群,化工_现场施工_260708_011.jpg,260708,953be12c85524876712d859f616c14e6.jpg,961236,现场施工,高,,,,,,,,,,,,施工,无,,程序化,260822,已复核通过
化工群,化工_现场施工_260707_009.jpg,260707,955cc145e77cbff06408c13c6a228415.jpg,1041621,现场施工,高,,,,,,,,,,,,施工,无,,程序化,260822,已复核通过
化工群,化工_氯化铵1号池子_260626_003.jpg,260626,977af8a80036d2583c1e4cf6a294c973.jpg,465016,氯化铵1号池子,高,,,,,,,,,,,,验收,无,,程序化,260822,已复核通过
化工群,化工_现场施工_260706_006.jpg,260706,97a1e763df535afd2bf6f4e35055a9fa.jpg,472005,现场施工,高,,,,,,,,,,,,施工,无,,程序化,260822,已复核通过
化工群,化工_现场施工_260724_007.jpg,260724,9815ab90ef479ea88283e15924dbf36d.jpg,519025,现场施工,高,,,,,,,,,,,,施工,无,,程序化,260822,已复核通过
化工群,化工_现场施工_260607_004.jpg,260607,98442bb91d3de66e007d9d1a206594f7.jpg,350847,现场施工,高,,,,,,,,,,,,施工,无,,程序化,260822,已复核通过
化工群,化工_现场施工_260624_006.jpg,260624,9864f38bcf46967157cb64488a4fb1de.jpg,348288,现场施工,高,,,,,,,,,,,,施工,无,,程序化,260822,已复核通过
化工群,化工_现场施工_260610_014.jpg,260610,9a1665707cfc934def5e5f5baf779f86.jpg,1023631,现场施工,高,,,,,,,,,,,,施工,无,,程序化,260822,已复核通过
化工群,化工_氯化铵应急污水池_260716_002.jpg,260716,9a2592f331eb0306d19088f55e292b60.jpg,553574,氯化铵应急污水池,高,,,,,,,,,,,,验收,无,,程序化,260822,已复核通过
化工群,化工_检查井盖板_260808_007.jpg,260808,9a3dca2493c93c6867896e3d24fb5842.jpg,575654,检查井盖板,高,,,,,,,,,,,,验收,无,,程序化,260822,已复核通过
化工群,化工_氯化铵8-14#盖板_260816_006.jpg,260816,9a493135802e49e44cbf414188d7d837.jpg,536202,氯化铵8-14#盖板,高,,,,,,,,,,,,验收,无,,程序化,260822,已复核通过
化工群,化工_现场施工_260808_003.jpg,260808,9a65d8e838449fa09b2cc30f1998ef0e.jpg,353837,现场施工,高,,,,,,,,,,,,施工,无,,程序化,260822,已复核通过
化工群,化工_2#污水池托盘_260818_001.jpg,260818,9ac1235e4cdc0139c48e0ce74c2adb68.jpg,409717,2#污水池托盘,高,,,,,,,,,,,,验收,无,,程序化,260822,已复核通过
化工群,化工_氯化铵沟槽_260627_005.jpg,260627,9b5d14db60dca1d15da695a06dd18286.jpg,223340,氯化铵沟槽,高,,,,,,,,,,,,验收,无,,程序化,260822,已复核通过
化工群,化工_现场施工_260601_013.jpg,260601,9c6e55585e218c1e04dff2321bd853a1.jpg,752721,现场施工,高,,,,,,,,,,,,施工,无,,程序化,260822,已复核通过
化工群,化工_现场施工_260711_010.jpg,260711,9c7423f5f22bdd270ed92d48f7461c27.jpg,484392,现场施工,高,,,,,,,,,,,,施工,无,,程序化,260822,已复核通过
化工群,化工_现场施工_260530_011.jpg,260530,9ca379a0f15bcbe97106df532a9f93cd.jpg,800820,现场施工,高,,,,,,,,,,,,施工,无,,程序化,260822,已复核通过
化工群,化工_现场施工_260601_014.jpg,260601,9cc0ee46ca1379a2ee3ce19c89cbdf18.jpg,448616,现场施工,高,,,,,,,,,,,,施工,无,,程序化,260822,已复核通过
化工群,化工_现场施工_260605_005.jpg,260605,9d0ab76a6e1d6d5074caa3c4c1a20a2c.jpg,3588648,现场施工,高,,,,,,,,,,,,施工,无,,程序化,260822,已复核通过
化工群,化工_J05-J07_260703_003.jpg,260703,9d6f8e348698bacbe057e8ba7fad7cdf.jpg,477378,J05-J07,高,,,,,,,,,,,,验收,无,,程序化,260822,已复核通过
化工群,化工_现场施工_260528_004.jpg,260528,9d7ebfc08075b3df86067726830cfea7.jpg,323870,现场施工,高,,,,,,,,,,,,施工,无,,程序化,260822,已复核通过
化工群,化工_现场施工_260616_006.jpg,260616,9d85b2dffcf6961782f176015a09d230.jpg,533967,现场施工,高,,,,,,,,,,,,施工,无,,程序化,260822,已复核通过
化工群,化工_现场施工_260602_005.jpg,260602,9dc72501fcbe5518adacd51804c9a439.jpg,176237,现场施工,高,,,,,,,,,,,,施工,无,,程序化,260822,已复核通过
化工群,化工_现场施工_260625_013.jpg,260625,9e02b275dd1a6604ec91a3f4724164c6.jpg,450589,现场施工,高,,,,,,,,,,,,施工,无,,程序化,260822,已复核通过
化工群,化工_现场施工_260621_005.jpg,260621,9e3501a2167ab91b9ddcd51f6e2bddad.jpg,186660,现场施工,高,,,,,,,,,,,,施工,无,,程序化,260822,已复核通过
化工群,化工_现场施工_260628_007.jpg,260628,9e78163b3db0e38fdbee12f0b8215b97.jpg,5934293,现场施工,高,,,,,,,,,,,,施工,无,,程序化,260822,已复核通过
化工群,化工_现场施工_260601_015.jpg,260601,9e8dfb23702f776ecb40d1d7be8c1c2c.jpg,536985,现场施工,高,,,,,,,,,,,,施工,无,,程序化,260822,已复核通过
化工群,化工_现场施工_260714_017.jpg,260714,9e9faf80c8896f4972b5474682e25a49.jpg,342854,现场施工,高,,,,,,,,,,,,施工,无,,程序化,260822,已复核通过
化工群,化工_现场施工_260701_010.jpg,260701,9ec8972e62764f6073121127027f8f53.jpg,447791,现场施工,高,,,,,,,,,,,,施工,无,,程序化,260822,已复核通过
化工群,化工_现场施工_260717_022.jpg,260717,9f2635a46f49a75f5cbb1d7bed5b3d75.jpg,703098,现场施工,高,,,,,,,,,,,,施工,无,,程序化,260822,已复核通过
化工群,化工_现场施工_260725_005.jpg,260725,9f34dbb0541596e1f1a21bfdcb5f2dfb.jpg,240297,现场施工,高,,,,,,,,,,,,施工,无,,程序化,260822,已复核通过
化工群,化工_纯碱沟槽_260624_002.jpg,260624,9f984296a1de20948038240c37b2630c.jpg,473742,纯碱沟槽,高,,,,,,,,,,,,验收,无,,程序化,260822,已复核通过
化工群,化工_纯碱_260803_002.jpg,260803,9fb28fd6f990b20383c087db39fe1543.jpg,435709,纯碱,高,,,,,,,,,,,,验收,无,,程序化,260822,已复核通过
化工群,化工_煤油实验_260628_002.jpg,260628,9fd5bc610ecb8c32d8b09c40cf7edecd.jpg,493197,煤油实验,高,,,,,,,,,,,,验收,无,,程序化,260822,已复核通过
化工群,化工_现场施工_260703_020.jpg,260703,9fdba0ebedafd9aeca48db3a19bd414c.jpg,232490,现场施工,高,,,,,,,,,,,,施工,无,,程序化,260822,已复核通过
化工群,化工_检查井角铁_260726_001.jpg,260726,J-01.jpg,567497,检查井角铁,高,,,,,,,,,,,,验收,无,,程序化,260822,已复核通过
化工群,化工_检查井角铁_260726_002.jpg,260726,J-02.jpg,491338,检查井角铁,高,,,,,,,,,,,,验收,无,,程序化,260822,已复核通过
化工群,化工_检查井角铁_260726_003.jpg,260726,J-03.jpg,620619,检查井角铁,高,,,,,,,,,,,,验收,无,,程序化,260822,已复核通过
化工群,化工_检查井角铁_260726_004.jpg,260726,J-05.jpg,622343,检查井角铁,高,,,,,,,,,,,,验收,无,,程序化,260822,已复核通过
化工群,化工_检查井角铁_260726_005.jpg,260726,J-06.jpg,567374,检查井角铁,高,,,,,,,,,,,,验收,无,,程序化,260822,已复核通过
化工群,化工_检查井角铁_260726_006.jpg,260726,J-07.jpg,578578,检查井角铁,高,,,,,,,,,,,,验收,无,,程序化,260822,已复核通过
化工群,化工_检查井角铁_260726_007.jpg,260726,J-08.jpg,531130,检查井角铁,高,,,,,,,,,,,,验收,无,,程序化,260822,已复核通过
化工群,化工_验收_260703_004.jpg,260703,J-08检查井.jpg,533596,验收,高,,,,,,,,,,,,验收,无,,程序化,260822,已复核通过
化工群,化工_检查井角铁_260726_008.jpg,260726,J-09.jpg,470549,检查井角铁,高,,,,,,,,,,,,验收,无,,程序化,260822,已复核通过
化工群,化工_验收_260703_005.jpg,260703,J-09检查井.jpg,544706,验收,高,,,,,,,,,,,,验收,无,,程序化,260822,已复核通过
化工群,化工_现场施工_260622_007.jpg,260622,a039bdc9f90c38140503ed2fb9c48a6f.jpg,780837,现场施工,高,,,,,,,,,,,,施工,无,,程序化,260822,已复核通过
化工群,化工_现场施工_260714_018.jpg,260714,a05a3b53b79fd8ddfe415957d29cff40.jpg,609346,现场施工,高,,,,,,,,,,,,施工,无,,程序化,260822,已复核通过
化工群,化工_现场施工_260601_016.jpg,260601,a078ad0014afe9dfedcb15d1b336eac9.jpg,771218,现场施工,高,,,,,,,,,,,,施工,无,,程序化,260822,已复核通过
化工群,化工_现场施工_260806_003.jpg,260806,a0aeabbf71b2a73bdaef45f6f6a76ea1.jpg,381480,现场施工,高,,,,,,,,,,,,施工,无,,程序化,260822,已复核通过
化工群,化工_现场施工_260627_003.jpg,260627,a182fa8814667829d109585fb4cdf578.jpg,527304,现场施工,高,,,,,,,,,,,,施工,无,,程序化,260822,已复核通过
化工群,化工_J-04_260703_001.jpg,260703,a1a0d979bc60404cf9c0ea27ca69e722.jpg,567247,J-04,高,,,,,,,,,,,,验收,无,,程序化,260822,已复核通过
化工群,化工_现场施工_260715_017.jpg,260715,a21cac37ffb3c24a11bdf867e0c3db5a.jpg,602295,现场施工,高,,,,,,,,,,,,施工,无,,程序化,260822,已复核通过
化工群,化工_现场施工_260615_008.jpg,260615,a21f663781239ac9e680f8fc8098b8e4.jpg,394411,现场施工,高,,,,,,,,,,,,施工,无,,程序化,260822,已复核通过
化工群,化工_现场施工_260611_015.jpg,260611,a259d0729bebd388a1603cd89c7482f6.jpg,443924,现场施工,高,,,,,,,,,,,,施工,无,,程序化,260822,已复核通过
化工群,化工_现场施工_260817_002.jpg,260817,a267b1f5d2205b62a0c04fa7ace9e6b4.jpg,123684,现场施工,高,,,,,,,,,,,,施工,无,,程序化,260822,已复核通过
化工群,化工_现场施工_260615_009.jpg,260615,a2e062b131b202a45bddef9006aca81d.jpg,279015,现场施工,高,,,,,,,,,,,,施工,无,,程序化,260822,已复核通过
化工群,化工_现场施工_260807_006.jpg,260807,a32a0724b4331baeb1c03b19acb77a1b.jpg,924928,现场施工,高,,,,,,,,,,,,施工,无,,程序化,260822,已复核通过
化工群,化工_现场施工_260628_008.jpg,260628,a33916bed6ac6f4c1c8d09dafaafed7e.jpg,845835,现场施工,高,,,,,,,,,,,,施工,无,,程序化,260822,已复核通过
化工群,化工_现场施工_260810_002.jpg,260810,a3512f32b80d1ba0fe4823955f674de9.jpg,1519952,现场施工,高,,,,,,,,,,,,施工,无,,程序化,260822,已复核通过
化工群,化工_现场施工_260717_023.jpg,260717,a37f4bfda7ff0fa75f3ad419cba186b1.jpg,708514,现场施工,高,,,,,,,,,,,,施工,无,,程序化,260822,已复核通过
化工群,化工_现场施工_260624_007.jpg,260624,a384a72bfe950a6a34544391e2c78c09.jpg,551975,现场施工,高,,,,,,,,,,,,施工,无,,程序化,260822,已复核通过
化工群,化工_现场施工_260613_016.jpg,260613,a39635669098ee28fb689bd50d673a58.jpg,375565,现场施工,高,,,,,,,,,,,,施工,无,,程序化,260822,已复核通过
化工群,化工_现场施工_260709_005.jpg,260709,a39e08fc0e0693df549cc287292a9134.jpg,644348,现场施工,高,,,,,,,,,,,,施工,无,,程序化,260822,已复核通过
化工群,化工_1#氮氨泵沟槽_260727_001.jpg,260727,a3a6252f9c3edca9a6807aa1b89bec85.jpg,637040,1#氮氨泵沟槽,高,,,,,,,,,,,,验收,无,,程序化,260822,已复核通过
化工群,化工_现场施工_260714_019.jpg,260714,a3f54e9cefdd65d2c0cbcd439fb8e1de.jpg,602800,现场施工,高,,,,,,,,,,,,施工,无,,程序化,260822,已复核通过
化工群,化工_现场施工_260730_004.jpg,260730,a3f68b876fde034e184dceeb6d9ed985.jpg,235641,现场施工,高,,,,,,,,,,,,施工,无,,程序化,260822,已复核通过
化工群,化工_现场施工_260614_014.jpg,260614,a404097be96b48b217306d6cfc4dcb3d.jpg,483212,现场施工,高,,,,,,,,,,,,施工,无,,程序化,260822,已复核通过
化工群,化工_现场施工_260803_009.jpg,260803,a45985701f472330a2a9c0819597a163.jpg,563148,现场施工,高,,,,,,,,,,,,施工,无,,程序化,260822,已复核通过
化工群,化工_现场施工_260720_003.jpg,260720,a4b0a8fa633b99cd60ca64f8cb488fa8.jpg,603406,现场施工,高,,,,,,,,,,,,施工,无,,程序化,260822,已复核通过
化工群,化工_现场施工_260627_004.jpg,260627,a4d3fa8625484d5545fb430b646f4c5c.jpg,180235,现场施工,高,,,,,,,,,,,,施工,无,,程序化,260822,已复核通过
化工群,化工_现场施工_260705_010.png,260705,a4e61c21c23b808f57f1fff4bb3db71b.png,16474,现场施工,高,,,,,,,,,,,,施工,无,,程序化,260822,已复核通过
化工群,化工_108管子_260730_003.jpg,260730,a4ed34f4eeff95dcf6933be0ddfa6dfc.jpg,500570,108管子,高,,,,,,,,,,,,验收,无,,程序化,260822,已复核通过
化工群,化工_现场施工_260803_010.jpg,260803,a50fab11b0a7720ba63c03700de1a0cf.jpg,626085,现场施工,高,,,,,,,,,,,,施工,无,,程序化,260822,已复核通过
化工群,化工_现场施工_260629_004.jpg,260629,a596e2c016d7b876116cc0fb643070af.jpg,905954,现场施工,高,,,,,,,,,,,,施工,无,,程序化,260822,已复核通过
化工群,化工_现场施工_260624_008.jpg,260624,a65d8ad88834a7c89c1a362f99dfe8e7.jpg,284591,现场施工,高,,,,,,,,,,,,施工,无,,程序化,260822,已复核通过
化工群,化工_现场施工_260622_008.jpg,260622,a67938e3250cca1e4e4fc40780e6363f.jpg,1567650,现场施工,高,,,,,,,,,,,,施工,无,,程序化,260822,已复核通过
化工群,化工_现场施工_260530_012.jpg,260530,a69622dc44b2dbe1aa718b7205bc6757.jpg,750201,现场施工,高,,,,,,,,,,,,施工,无,,程序化,260822,已复核通过
化工群,化工_现场施工_260602_006.jpg,260602,a6c7408c904ada6c1a7d69f35770f6ce.jpg,565711,现场施工,高,,,,,,,,,,,,施工,无,,程序化,260822,已复核通过
化工群,化工_现场施工_260613_017.jpg,260613,a6f3eb764bfe9c50e2fc79b23cee0ef5.jpg,950740,现场施工,高,,,,,,,,,,,,施工,无,,程序化,260822,已复核通过
化工群,化工_现场施工_260629_005.jpg,260629,a788181a4f0b00e52c18351912b8bfc8.jpg,381293,现场施工,高,,,,,,,,,,,,施工,无,,程序化,260822,已复核通过
化工群,化工_现场施工_260615_010.jpg,260615,a7b1d720acbdd3610ae3853146b4a050.jpg,351590,现场施工,高,,,,,,,,,,,,施工,无,,程序化,260822,已复核通过
化工群,化工_氯化铵沟槽_260627_006.jpg,260627,a7f367f8a27dcea51a85faf6a4ca7408.jpg,636002,氯化铵沟槽,高,,,,,,,,,,,,验收,无,,程序化,260822,已复核通过
化工群,化工_现场施工_260717_024.jpg,260717,a8260876ddd068b42c3eeabfc31f3c8e.jpg,1302684,现场施工,高,,,,,,,,,,,,施工,无,,程序化,260822,已复核通过
化工群,化工_现场施工_260531_009.jpg,260531,a83d600fd269beb1d3ed4538acb39d9e.jpg,678436,现场施工,高,,,,,,,,,,,,施工,无,,程序化,260822,已复核通过
化工群,化工_现场施工_260601_017.jpg,260601,a85cb8a7d139411468c563e3421df3de.jpg,739183,现场施工,高,,,,,,,,,,,,施工,无,,程序化,260822,已复核通过
化工群,化工_验收_260703_006.jpg,260703,a8893c68e104d8eb554ecd692bf5701a.jpg,528432,验收,高,,,,,,,,,,,,验收,无,,程序化,260822,已复核通过
化工群,化工_现场施工_260807_007.jpg,260807,a8dd4db3e298254abf2c3e962e02e9a6.jpg,879993,现场施工,高,,,,,,,,,,,,施工,无,,程序化,260822,已复核通过
化工群,化工_现场施工_260704_010.jpg,260704,a8fa4fc9f858ee9b07d137d379e81ceb.jpg,425664,现场施工,高,,,,,,,,,,,,施工,无,,程序化,260822,已复核通过
化工群,化工_现场施工_260716_022.jpg,260716,a9183947fd7d5e28dd165e84fee1e9e8.jpg,711528,现场施工,高,,,,,,,,,,,,施工,无,,程序化,260822,已复核通过
化工群,化工_纯碱6#_260715_003.jpg,260715,a96d27e18ab012869d428055d92e5f8a.jpg,546151,纯碱6#,高,,,,,,,,,,,,验收,无,,程序化,260822,已复核通过
化工群,化工_现场施工_260714_020.jpg,260714,a972de9fd12609f1b46310daaf38882d.jpg,599079,现场施工,高,,,,,,,,,,,,施工,无,,程序化,260822,已复核通过
化工群,化工_纯碱沟槽_260626_003.jpg,260626,a973d9b56e7af214e0a2c9cdb1aaa888.jpg,563917,纯碱沟槽,高,,,,,,,,,,,,验收,无,,程序化,260822,已复核通过
化工群,化工_现场施工_260622_009.jpg,260622,a9bc0254a25c05ae79b15afab4dbe8be.jpg,394876,现场施工,高,,,,,,,,,,,,施工,无,,程序化,260822,已复核通过
化工群,化工_现场施工_260628_009.jpg,260628,a9fe7becebebcb28ea2d1d1caf228a09.jpg,363757,现场施工,高,,,,,,,,,,,,施工,无,,程序化,260822,已复核通过
化工群,化工_新建_260717_001.jpg,260717,aa08049658b60b7290c121c2223bfa71.jpg,393222,新建,高,,,,,,,,,,,,验收,无,,程序化,260822,已复核通过
化工群,化工_现场施工_260609_008.jpg,260609,aa138e052b29ed7a7bad9f2e1296abb5.jpg,487738,现场施工,高,,,,,,,,,,,,施工,无,,程序化,260822,已复核通过
化工群,化工_现场施工_260618_011.jpg,260618,aa38188850d67c6bd2a0e1b5f5348a21.jpg,494640,现场施工,高,,,,,,,,,,,,施工,无,,程序化,260822,已复核通过
化工群,化工_现场施工_260711_011.png,260711,aa8dd5d9e678959a7788366ab2bc7532.png,20169,现场施工,高,,,,,,,,,,,,施工,无,,程序化,260822,已复核通过
化工群,化工_氯化铵10 11#污水池_260706_002.jpg,260706,aa950fc6eb85d3711259b713ed537f3a.jpg,554777,氯化铵10 11#污水池,高,,,,,,,,,,,,验收,无,,程序化,260822,已复核通过
化工群,化工_现场施工_260627_005.jpg,260627,aa9d4de1df970da549533bd8d8b91837.jpg,514311,现场施工,高,,,,,,,,,,,,施工,无,,程序化,260822,已复核通过
化工群,化工_纯碱沟槽_260624_003.jpg,260624,aabdd7aaebe1a2f0083c68be2b6078dc.jpg,600483,纯碱沟槽,高,,,,,,,,,,,,验收,无,,程序化,260822,已复核通过
化工群,化工_现场施工_260717_025.jpg,260717,aad908e209807763113aa12bd641294e.jpg,1351569,现场施工,高,,,,,,,,,,,,施工,无,,程序化,260822,已复核通过
化工群,化工_现场施工_260608_009.jpg,260608,aaf376689ff200c82593ea1dd05a1606.jpg,427751,现场施工,高,,,,,,,,,,,,施工,无,,程序化,260822,已复核通过
化工群,化工_现场施工_260614_015.jpg,260614,aafb6ff0678fdf966ec08b55c2d4274b.jpg,577048,现场施工,高,,,,,,,,,,,,施工,无,,程序化,260822,已复核通过
化工群,化工_现场施工_260705_011.jpg,260705,ab3a958b57d360b791a8a9cc0fc17779.jpg,6660589,现场施工,高,,,,,,,,,,,,施工,无,,程序化,260822,已复核通过
化工群,化工_检查井盖板_260809_001.jpg,260809,abd9236c5d91446898e94b1bb66a2e25.jpg,463183,检查井盖板,高,,,,,,,,,,,,验收,无,,程序化,260822,已复核通过
化工群,化工_现场施工_260628_010.jpg,260628,abe01e7a0b20e24c6b2dc36235a11c92.jpg,1468577,现场施工,高,,,,,,,,,,,,施工,无,,程序化,260822,已复核通过
化工群,化工_现场施工_260602_007.jpg,260602,abf00019d363910a04166fd917270748.jpg,418330,现场施工,高,,,,,,,,,,,,施工,无,,程序化,260822,已复核通过
化工群,化工_验收_260703_007.jpg,260703,abfd69df974f5be849560355fc809f10.jpg,533653,验收,高,,,,,,,,,,,,验收,无,,程序化,260822,已复核通过
化工群,化工_氯化铵应急污水池_260715_001.jpg,260715,ac1b1d160febf6c06e85574ff10bfbba.jpg,321058,氯化铵应急污水池,高,,,,,,,,,,,,验收,无,,程序化,260822,已复核通过
化工群,化工_现场施工_260615_011.jpg,260615,ac3c0f36a3d4910e4906031617148427.jpg,451157,现场施工,高,,,,,,,,,,,,施工,无,,程序化,260822,已复核通过
化工群,化工_现场施工_260804_005.jpg,260804,ac63b4c1e132d7a265335d916600a603.jpg,450744,现场施工,高,,,,,,,,,,,,施工,无,,程序化,260822,已复核通过
化工群,化工_现场施工_260611_016.jpg,260611,ac8b0dba53bc8c74e96af7e49206e258.jpg,388483,现场施工,高,,,,,,,,,,,,施工,无,,程序化,260822,已复核通过
化工群,化工_现场施工_260726_009.jpg,260726,ac94e1b850661712c05d188b66b4c8eb.jpg,615549,现场施工,高,,,,,,,,,,,,施工,无,,程序化,260822,已复核通过
化工群,化工_现场施工_260608_010.jpg,260608,acbb33d56d4ebfbf58773cbbbcc9792a.jpg,471218,现场施工,高,,,,,,,,,,,,施工,无,,程序化,260822,已复核通过
化工群,化工_现场施工_260801_005.jpg,260801,acd11056b58c33f93c176f25a963b56e.jpg,1006606,现场施工,高,,,,,,,,,,,,施工,无,,程序化,260822,已复核通过
化工群,化工_现场施工_260613_018.jpg,260613,ad3a3f11afe3ef43032039fd9d75596f.jpg,540471,现场施工,高,,,,,,,,,,,,施工,无,,程序化,260822,已复核通过
化工群,化工_现场施工_260627_006.jpg,260627,ad52b5a86a0c76ee2ec8f5aaf4656cf8.jpg,446685,现场施工,高,,,,,,,,,,,,施工,无,,程序化,260822,已复核通过
化工群,化工_煤油实验_260628_003.jpg,260628,ad8094a849765686aaea522323b78c58.jpg,219980,煤油实验,高,,,,,,,,,,,,验收,无,,程序化,260822,已复核通过
化工群,化工_现场施工_260720_004.jpg,260720,ad8e877783767c048cd4578ebaaf81ea.jpg,818261,现场施工,高,,,,,,,,,,,,施工,无,,程序化,260822,已复核通过
化工群,化工_现场施工_260613_019.jpg,260613,ada72a7e3820cb650c6b2915e89dd951.jpg,392788,现场施工,高,,,,,,,,,,,,施工,无,,程序化,260822,已复核通过
化工群,化工_1#2#氮氨泵_260728_004.jpg,260728,ada75d117a495f73e99fafe69c5da72a.jpg,367226,1#2#氮氨泵,高,,,,,,,,,,,,验收,无,,程序化,260822,已复核通过
化工群,化工_现场施工_260725_006.jpg,260725,adc2a8dca3de2e7f1e46547be415529f.jpg,510616,现场施工,高,,,,,,,,,,,,施工,无,,程序化,260822,已复核通过
化工群,化工_现场施工_260610_015.jpg,260610,adc7e183144dd6e82d920c0736c23368.jpg,1023631,现场施工,高,,,,,,,,,,,,施工,无,,程序化,260822,已复核通过
化工群,化工_现场施工_260814_002.jpg,260814,adcd000e8b1b93d4996a787a37eef732.jpg,720387,现场施工,高,,,,,,,,,,,,施工,无,,程序化,260822,已复核通过
化工群,化工_现场施工_260718_001.jpg,260718,add4b9535a86c43cce385562c246df0c.jpg,631346,现场施工,高,,,,,,,,,,,,施工,无,,程序化,260822,已复核通过
化工群,化工_现场施工_260704_011.jpg,260704,ae06174cb71bea941d7148669370571d.jpg,441852,现场施工,高,,,,,,,,,,,,施工,无,,程序化,260822,已复核通过
化工群,化工_纯碱5#污水池C30地坪_260808_001.jpg,260808,ae4386680bf4a77ce0a75de1d04db318.jpg,386895,纯碱5#污水池C30地坪,高,,,,,,,,,,,,验收,无,,程序化,260822,已复核通过
化工群,化工_现场施工_260601_018.jpg,260601,ae69a01f8a6009f16a9a7e7157e7089a.jpg,903546,现场施工,高,,,,,,,,,,,,施工,无,,程序化,260822,已复核通过
化工群,化工_现场施工_260528_005.jpg,260528,aea678c4d6b68a24a656c8edf2cd1af1.jpg,406827,现场施工,高,,,,,,,,,,,,施工,无,,程序化,260822,已复核通过
化工群,化工_现场施工_260708_012.jpg,260708,aef2593d7fe9cd35abd56a475996aba5.jpg,1349229,现场施工,高,,,,,,,,,,,,施工,无,,程序化,260822,已复核通过
化工群,化工_现场施工_260713_004.jpg,260713,af0690390871eb0245c8f2f08b3bf9e6.jpg,499162,现场施工,高,,,,,,,,,,,,施工,无,,程序化,260822,已复核通过
化工群,化工_现场施工_260615_012.jpg,260615,af164e60f7a7749aebaf28c17b56eda8.jpg,342360,现场施工,高,,,,,,,,,,,,施工,无,,程序化,260822,已复核通过
化工群,化工_现场施工_260707_010.jpg,260707,af199edaf20e5b91aff621ba52684ab2.jpg,433620,现场施工,高,,,,,,,,,,,,施工,无,,程序化,260822,已复核通过
化工群,化工_现场施工_260725_007.jpg,260725,af23c194384acb4692967527e99ea35f.jpg,569178,现场施工,高,,,,,,,,,,,,施工,无,,程序化,260822,已复核通过
化工群,化工_J-01、J-02、J-03_260717_003.jpg,260717,af4fa8530bc8bf67880b702c7af5d32a.jpg,377449,J-01、J-02、J-03,高,,,,,,,,,,,,验收,无,,程序化,260822,已复核通过
化工群,化工_现场施工_260615_013.jpg,260615,afd43ea4649345b74a5d7cae7072a094.jpg,520953,现场施工,高,,,,,,,,,,,,施工,无,,程序化,260822,已复核通过
化工群,化工_现场施工_260805_003.jpg,260805,afd77b7d09ac9e1f47d4a489ecfb6d40.jpg,448371,现场施工,高,,,,,,,,,,,,施工,无,,程序化,260822,已复核通过
化工群,化工_现场施工_260725_008.jpg,260725,b020800b9505b3768ea6e122c8088217.jpg,721173,现场施工,高,,,,,,,,,,,,施工,无,,程序化,260822,已复核通过
化工群,化工_现场施工_260708_013.jpg,260708,b078ce122d8f797d7385bd2ccb93d34e.jpg,1062184,现场施工,高,,,,,,,,,,,,施工,无,,程序化,260822,已复核通过
化工群,化工_现场施工_260803_011.jpg,260803,b08c237fe59fde52efcbac4085b0dbba.jpg,435709,现场施工,高,,,,,,,,,,,,施工,无,,程序化,260822,已复核通过
化工群,化工_现场施工_260605_006.jpg,260605,b10f0c152f640a5105ca38ceb95760a2.jpg,777094,现场施工,高,,,,,,,,,,,,施工,无,,程序化,260822,已复核通过
化工群,化工_现场施工_260715_018.jpg,260715,b1137b8220139211bf8d2ea0ef6e7362.jpg,421713,现场施工,高,,,,,,,,,,,,施工,无,,程序化,260822,已复核通过
化工群,化工_现场施工_260705_012.jpg,260705,b13c26970570c1479c938264561c607b.jpg,1011678,现场施工,高,,,,,,,,,,,,施工,无,,程序化,260822,已复核通过
化工群,化工_氯化铵5 6 8#污水池_260711_007.jpg,260711,b1ab0d8ea82fcf7c72508a35ac4571c4.jpg,351808,氯化铵5 6 8#污水池,高,,,,,,,,,,,,验收,无,,程序化,260822,已复核通过
化工群,化工_现场施工_260628_011.jpg,260628,b1bed7cb64ea4ac0b6d70234883f2379.jpg,6862959,现场施工,高,,,,,,,,,,,,施工,无,,程序化,260822,已复核通过
化工群,化工_现场施工_260614_016.jpg,260614,b2187982f8f8992614e687806e8c9761.jpg,283350,现场施工,高,,,,,,,,,,,,施工,无,,程序化,260822,已复核通过
化工群,化工_现场施工_260808_004.jpg,260808,b2a633012058b21f31bf72c2d0bea7bb.jpg,350959,现场施工,高,,,,,,,,,,,,施工,无,,程序化,260822,已复核通过
化工群,化工_现场施工_260717_026.jpg,260717,b3086d9e414e68f92f32f71654f7d5e9.jpg,378201,现场施工,高,,,,,,,,,,,,施工,无,,程序化,260822,已复核通过
化工群,化工_现场施工_260716_023.jpg,260716,b331bc356fa47635c9bdc7bdaf8db6de.jpg,709315,现场施工,高,,,,,,,,,,,,施工,无,,程序化,260822,已复核通过
化工群,化工_现场施工_260628_012.jpg,260628,b367656ee79996e7da2b57701961684e.jpg,950998,现场施工,高,,,,,,,,,,,,施工,无,,程序化,260822,已复核通过
化工群,化工_现场施工_260607_005.jpg,260607,b37a40045d3813f7a2a569f860d9c172.jpg,381580,现场施工,高,,,,,,,,,,,,施工,无,,程序化,260822,已复核通过
化工群,化工_现场施工_260811_002.jpg,260811,b38db48c19f37248b248ab412f52d6e3.jpg,411464,现场施工,高,,,,,,,,,,,,施工,无,,程序化,260822,已复核通过
化工群,化工_现场施工_260803_012.jpg,260803,b398c42061b33b06320849c8ea9d14ae.jpg,524711,现场施工,高,,,,,,,,,,,,施工,无,,程序化,260822,已复核通过
化工群,化工_纯碱236#污水池清淤_260715_005.jpg,260715,b3a96e57f52e4ef656d801a47f297496.jpg,414897,纯碱236#污水池清淤,高,,,,,,,,,,,,验收,无,,程序化,260822,已复核通过
化工群,化工_现场施工_260605_007.jpg,260605,b3a98ed13753b926de52897fd2572188.jpg,3057082,现场施工,高,,,,,,,,,,,,施工,无,,程序化,260822,已复核通过
化工群,化工_现场施工_260710_007.jpg,260710,b3d766ea725ac366f9c41ed8c99ef3c7.jpg,459529,现场施工,高,,,,,,,,,,,,施工,无,,程序化,260822,已复核通过
化工群,化工_现场施工_260613_020.jpg,260613,b3f1f980d10e4ccdbe99cb202806ced4.jpg,368829,现场施工,高,,,,,,,,,,,,施工,无,,程序化,260822,已复核通过
化工群,化工_J05-J07_260703_004.jpg,260703,b3f878d924b5d5a5e3ec2134893b1848.jpg,444920,J05-J07,高,,,,,,,,,,,,验收,无,,程序化,260822,已复核通过
化工群,化工_现场施工_260610_016.jpg,260610,b40240b68a6c0e7a6da45bcecaf238d0.jpg,164600,现场施工,高,,,,,,,,,,,,施工,无,,程序化,260822,已复核通过
化工群,化工_氯化铵10 11#污水池_260706_003.jpg,260706,b418e412be993af9707fe3f779aff2c1.jpg,516900,氯化铵10 11#污水池,高,,,,,,,,,,,,验收,无,,程序化,260822,已复核通过
化工群,化工_现场施工_260704_012.jpg,260704,b41f0ed60f9181691be04f34b57683df.jpg,473991,现场施工,高,,,,,,,,,,,,施工,无,,程序化,260822,已复核通过
化工群,化工_现场施工_260607_006.jpg,260607,b4a2bbc25533026fad5822cb0ba4be08.jpg,411161,现场施工,高,,,,,,,,,,,,施工,无,,程序化,260822,已复核通过
化工群,化工_现场施工_260817_003.jpg,260817,b4e352d13733ae68fdbd309d8ce45b47.jpg,355998,现场施工,高,,,,,,,,,,,,施工,无,,程序化,260822,已复核通过
化工群,化工_现场施工_260707_011.jpg,260707,b4fdfebd9bc9183305b71825e37030f0.jpg,478238,现场施工,高,,,,,,,,,,,,施工,无,,程序化,260822,已复核通过
化工群,化工_现场施工_260614_017.jpg,260614,b536a302228388504d4173cf1f0cb1f4.jpg,471855,现场施工,高,,,,,,,,,,,,施工,无,,程序化,260822,已复核通过
化工群,化工_现场施工_260628_013.jpg,260628,b545031c95c31a8ad37c8dc90c766845.jpg,579159,现场施工,高,,,,,,,,,,,,施工,无,,程序化,260822,已复核通过
化工群,化工_现场施工_260625_014.jpg,260625,b599f4071ac448100b5c3ac11c849102.jpg,269270,现场施工,高,,,,,,,,,,,,施工,无,,程序化,260822,已复核通过
化工群,化工_现场施工_260710_008.jpg,260710,b5edbd253b451d7d43758d61b4101bbd.jpg,403874,现场施工,高,,,,,,,,,,,,施工,无,,程序化,260822,已复核通过
化工群,化工_现场施工_260714_021.jpg,260714,b60d0729903222fe283b11feec787f93.jpg,207332,现场施工,高,,,,,,,,,,,,施工,无,,程序化,260822,已复核通过
化工群,化工_现场施工_260717_027.jpg,260717,b62e9231f81afabdc70ee46780b30f21.jpg,789886,现场施工,高,,,,,,,,,,,,施工,无,,程序化,260822,已复核通过
化工群,化工_现场施工_260717_028.jpg,260717,b65cf6e7d29647ef6c9eef52cbd25e4e.jpg,1408340,现场施工,高,,,,,,,,,,,,施工,无,,程序化,260822,已复核通过
化工群,化工_现场施工_260608_011.jpg,260608,b6a074f0c6cbd5d3db170b293c4ac900.jpg,515282,现场施工,高,,,,,,,,,,,,施工,无,,程序化,260822,已复核通过
化工群,化工_现场施工_260717_029.jpg,260717,b712c1bdaca23af547d437765da3d832.jpg,659407,现场施工,高,,,,,,,,,,,,施工,无,,程序化,260822,已复核通过
化工群,化工_现场施工_260717_030.jpg,260717,b726cade20f4bd9634460bedef3b9cf0.jpg,842503,现场施工,高,,,,,,,,,,,,施工,无,,程序化,260822,已复核通过
化工群,化工_现场施工_260630_009.jpg,260630,b73963f0fa7a417b4ca4ff5b296ba7fe.jpg,118490,现场施工,高,,,,,,,,,,,,施工,无,,程序化,260822,已复核通过
化工群,化工_新建_260717_002.jpg,260717,b7557c093e0ba7fdb92c701897ce3697.jpg,356198,新建,高,,,,,,,,,,,,验收,无,,程序化,260822,已复核通过
化工群,化工_现场施工_260615_014.jpg,260615,b75b13193030da0efdae0617d5343cd8.jpg,176628,现场施工,高,,,,,,,,,,,,施工,无,,程序化,260822,已复核通过
化工群,化工_现场施工_260703_021.jpg,260703,b7dc99dc529c8fb1c68fb94e75685732.jpg,348361,现场施工,高,,,,,,,,,,,,施工,无,,程序化,260822,已复核通过
化工群,化工_现场施工_260730_005.jpg,260730,b7fa028535cec1f6b77d44712b831e11.jpg,298005,现场施工,高,,,,,,,,,,,,施工,无,,程序化,260822,已复核通过
化工群,化工_现场施工_260602_008.jpg,260602,b85eb982a8fcefe4a899262752674cb1.jpg,465230,现场施工,高,,,,,,,,,,,,施工,无,,程序化,260822,已复核通过
化工群,化工_现场施工_260703_022.jpg,260703,b88bdd1903ac45e82935dd679485ef9e.jpg,593379,现场施工,高,,,,,,,,,,,,施工,无,,程序化,260822,已复核通过
化工群,化工_氯化铵应急污水池_260716_003.jpg,260716,b8c8431fe4e59978b81cd1824a133791.jpg,477817,氯化铵应急污水池,高,,,,,,,,,,,,验收,无,,程序化,260822,已复核通过
化工群,化工_现场施工_260629_006.jpg,260629,b8d8a93b87841600c6ce727ce28a827a.jpg,926452,现场施工,高,,,,,,,,,,,,施工,无,,程序化,260822,已复核通过
化工群,化工_现场施工_260617_014.jpg,260617,b9099bef07bedda3791f87f6b29c34f8.jpg,430680,现场施工,高,,,,,,,,,,,,施工,无,,程序化,260822,已复核通过
化工群,化工_氯化铵12#_260724_003.jpg,260724,b93a0f78869579560bdf03344bc277e1.jpg,563024,氯化铵12#,高,,,,,,,,,,,,验收,无,,程序化,260822,已复核通过
化工群,化工_现场施工_260626_005.jpg,260626,b9798a6756a2ee0a2edc7c05170f5c1e.jpg,447021,现场施工,高,,,,,,,,,,,,施工,无,,程序化,260822,已复核通过
化工群,化工_现场施工_260530_013.jpg,260530,b97eb09cf2ef48b10a30601c6a78aa49.jpg,802563,现场施工,高,,,,,,,,,,,,施工,无,,程序化,260822,已复核通过
化工群,化工_现场施工_260613_021.jpg,260613,b9d194661dc6135a9f4eaede0e04bb83.jpg,486068,现场施工,高,,,,,,,,,,,,施工,无,,程序化,260822,已复核通过
化工群,化工_现场施工_260725_009.jpg,260725,b9f34319f702d9c3573aa5fbafe6fad9.jpg,1221757,现场施工,高,,,,,,,,,,,,施工,无,,程序化,260822,已复核通过
化工群,化工_现场施工_260703_023.jpg,260703,ba09cfea7ff56590082ef1f222b89498.jpg,230968,现场施工,高,,,,,,,,,,,,施工,无,,程序化,260822,已复核通过
化工群,化工_现场施工_260624_009.jpg,260624,ba1d1ef507cc3d725bd5b712dbb012d3.jpg,407113,现场施工,高,,,,,,,,,,,,施工,无,,程序化,260822,已复核通过
化工群,化工_现场施工_260810_003.jpg,260810,ba5a02e7f4f3bed7cba5aae524a593bb.jpg,524909,现场施工,高,,,,,,,,,,,,施工,无,,程序化,260822,已复核通过
化工群,化工_现场施工_260605_008.jpg,260605,ba94b2e132e1385280165b1b86d5292b.jpg,3196559,现场施工,高,,,,,,,,,,,,施工,无,,程序化,260822,已复核通过
化工群,化工_氯化铵10 11#污水池_260706_004.jpg,260706,bb5b9a09ce016ecbe524bb50f5439240.jpg,603769,氯化铵10 11#污水池,高,,,,,,,,,,,,验收,无,,程序化,260822,已复核通过
化工群,化工_现场施工_260605_009.jpg,260605,bb839f91ecc5f2c66bb4e474b7b2dc71.jpg,570767,现场施工,高,,,,,,,,,,,,施工,无,,程序化,260822,已复核通过
化工群,化工_现场施工_260613_022.jpg,260613,bbb97d4876b528561d3eb42596ec7341.jpg,510084,现场施工,高,,,,,,,,,,,,施工,无,,程序化,260822,已复核通过
化工群,化工_现场施工_260810_004.jpg,260810,bbba91ac93e60ebf9a764aa0fad85584.jpg,1254432,现场施工,高,,,,,,,,,,,,施工,无,,程序化,260822,已复核通过
化工群,化工_现场施工_260713_005.png,260713,bbc1539451b09e7d865854fa9a6094bb.png,19177,现场施工,高,,,,,,,,,,,,施工,无,,程序化,260822,已复核通过
化工群,化工_现场施工_260620_009.png,260620,bcf8b8f1d89514c9fab82026fdd49d07.png,15337,现场施工,高,,,,,,,,,,,,施工,无,,程序化,260822,已复核通过
化工群,化工_现场施工_260803_013.jpg,260803,bcfe23df2e71772f2ae0d3724c35d74c.jpg,540443,现场施工,高,,,,,,,,,,,,施工,无,,程序化,260822,已复核通过
化工群,化工_现场施工_260802_002.jpg,260802,bda2d0eae12d3e07e87eee30456f69a9.jpg,960122,现场施工,高,,,,,,,,,,,,施工,无,,程序化,260822,已复核通过
化工群,化工_现场施工_260624_010.png,260624,bdaadefa21dd001caac25d5960afffb1.png,15530,现场施工,高,,,,,,,,,,,,施工,无,,程序化,260822,已复核通过
化工群,化工_氯化铵4-6号污水池、应急污水池盖板验收_260818_004.jpg,260818,bde66f9db1ef14569c13c7369da53308.jpg,413821,氯化铵4-6号污水池、应急污水池盖板验收,高,,,,,,,,,,,,验收,无,,程序化,260822,已复核通过
化工群,化工_现场施工_260622_010.jpg,260622,be50cd2e515e6948234534fd23940498.jpg,674122,现场施工,高,,,,,,,,,,,,施工,无,,程序化,260822,已复核通过
化工群,化工_现场施工_260804_006.jpg,260804,be6929e866209e69456d589cccb69898.jpg,1796733,现场施工,高,,,,,,,,,,,,施工,无,,程序化,260822,已复核通过
化工群,化工_现场施工_260805_004.jpg,260805,be86e82e298338f644a3d3fb9ebdc62f.jpg,427740,现场施工,高,,,,,,,,,,,,施工,无,,程序化,260822,已复核通过
化工群,化工_现场施工_260705_013.jpg,260705,bede472e9b6b846d89ca94c46169ad47.jpg,473241,现场施工,高,,,,,,,,,,,,施工,无,,程序化,260822,已复核通过
化工群,化工_现场施工_260626_006.jpg,260626,bef5f1268bd7a1586091dca98ff421b3.jpg,731081,现场施工,高,,,,,,,,,,,,施工,无,,程序化,260822,已复核通过
化工群,化工_新增8#、10#_260805_002.jpg,260805,bf2dbd74154d18a44767d4fbb63783ba.jpg,527514,新增8#、10#,高,,,,,,,,,,,,验收,无,,程序化,260822,已复核通过
化工群,化工_现场施工_260629_007.jpg,260629,bf484b45ffcd66af4dceee4a6e6d79b2.jpg,452390,现场施工,高,,,,,,,,,,,,施工,无,,程序化,260822,已复核通过
化工群,化工_现场施工_260723_009.jpg,260723,bf72a72921d99a9e6a1175b85dbae10f.jpg,344748,现场施工,高,,,,,,,,,,,,施工,无,,程序化,260822,已复核通过
化工群,化工_检查井盖板_260808_008.jpg,260808,bfa3afcc15a7cb0d03d2b34981c2660c.jpg,548015,检查井盖板,高,,,,,,,,,,,,验收,无,,程序化,260822,已复核通过
化工群,化工_现场施工_260626_007.jpg,260626,bfd30587c048ede7850cd56f24ffe102.jpg,550828,现场施工,高,,,,,,,,,,,,施工,无,,程序化,260822,已复核通过
化工群,化工_纯碱2356盖板_260809_001.jpg,260809,c01865c3fec65b18c1b403f69fb8380c.jpg,447217,纯碱2356盖板,高,,,,,,,,,,,,验收,无,,程序化,260822,已复核通过
化工群,化工_现场施工_260715_019.jpg,260715,c036d7102ed334ea07bb1b05a81b6514.jpg,476357,现场施工,高,,,,,,,,,,,,施工,无,,程序化,260822,已复核通过
化工群,化工_现场施工_260717_031.jpg,260717,c079bdf911025f5e26a7e1dbf32d3923.jpg,462801,现场施工,高,,,,,,,,,,,,施工,无,,程序化,260822,已复核通过
化工群,化工_现场施工_260607_007.jpg,260607,c0b2c05f5be6499b4d0d04201cecc82a.jpg,385296,现场施工,高,,,,,,,,,,,,施工,无,,程序化,260822,已复核通过
化工群,化工_J05-J07_260703_005.jpg,260703,c0c411d9a372ec7b82e9d6857faed5d8.jpg,406628,J05-J07,高,,,,,,,,,,,,验收,无,,程序化,260822,已复核通过
化工群,化工_检查井盖板_260808_009.jpg,260808,c0ede39a21826e094a9612efb675af75.jpg,465191,检查井盖板,高,,,,,,,,,,,,验收,无,,程序化,260822,已复核通过
化工群,化工_现场施工_260620_010.jpg,260620,c13cd5eb789dc59ea666585bd98f250e.jpg,951003,现场施工,高,,,,,,,,,,,,施工,无,,程序化,260822,已复核通过
化工群,化工_现场施工_260607_008.jpg,260607,c19322b22dc2c2f0a22bbda144de47af.jpg,346483,现场施工,高,,,,,,,,,,,,施工,无,,程序化,260822,已复核通过
化工群,化工_纯碱污水池_260715_003.jpg,260715,c1d6ebac03d27e45520d06f522fc2fa0.jpg,518115,纯碱污水池,高,,,,,,,,,,,,验收,无,,程序化,260822,已复核通过
化工群,化工_J-04_260703_002.jpg,260703,c209805f4905f870a799c1b90041a0cb.jpg,547679,J-04,高,,,,,,,,,,,,验收,无,,程序化,260822,已复核通过
化工群,化工_现场施工_260810_005.jpg,260810,c277a3b473de94c38703d7630fae7eb7.jpg,299274,现场施工,高,,,,,,,,,,,,施工,无,,程序化,260822,已复核通过
化工群,化工_现场施工_260710_009.jpg,260710,c2f7958c88c9531d68803a6d7ac090d0.jpg,503366,现场施工,高,,,,,,,,,,,,施工,无,,程序化,260822,已复核通过
化工群,化工_现场施工_260616_007.png,260616,c31fdbe8ccb930534f9e25b0869171b1.png,22498,现场施工,高,,,,,,,,,,,,施工,无,,程序化,260822,已复核通过
化工群,化工_现场施工_260607_009.jpg,260607,c3a8e82c983aa29c6e222df8c85c9d47.jpg,492674,现场施工,高,,,,,,,,,,,,施工,无,,程序化,260822,已复核通过
化工群,化工_现场施工_260717_032.jpg,260717,c3cda832472761b6fbd775a4607a57fd.jpg,968934,现场施工,高,,,,,,,,,,,,施工,无,,程序化,260822,已复核通过
化工群,化工_现场施工_260721_006.jpg,260721,c3f9604e2411f5bba2ddddca75c95964.jpg,777533,现场施工,高,,,,,,,,,,,,施工,无,,程序化,260822,已复核通过
化工群,化工_现场施工_260611_017.jpg,260611,c4a1f334a625078925db55292d7ffd18.jpg,381875,现场施工,高,,,,,,,,,,,,施工,无,,程序化,260822,已复核通过
化工群,化工_现场施工_260725_010.jpg,260725,c4b091aa55bd3b9a701abb0b610a8c0b.jpg,572554,现场施工,高,,,,,,,,,,,,施工,无,,程序化,260822,已复核通过
化工群,化工_现场施工_260717_033.jpg,260717,c5407ff605f4baa7c028918742f271e6.jpg,460317,现场施工,高,,,,,,,,,,,,施工,无,,程序化,260822,已复核通过
化工群,化工_现场施工_260709_006.jpg,260709,c55cfce417a09c817a9c1d9d311ca817.jpg,889177,现场施工,高,,,,,,,,,,,,施工,无,,程序化,260822,已复核通过
化工群,化工_纯碱5#污水池_260727_002.jpg,260727,c58f28cd1b5a320cb85e8908833191b1.jpg,503067,纯碱5#污水池,高,,,,,,,,,,,,验收,无,,程序化,260822,已复核通过
化工群,化工_现场施工_260708_014.jpg,260708,c655bcea0812e8434fe82ec89e0fa3e8.jpg,216972,现场施工,高,,,,,,,,,,,,施工,无,,程序化,260822,已复核通过
化工群,化工_现场施工_260710_010.jpg,260710,c6711171f80691a93d7ff16350bcfb94.jpg,323493,现场施工,高,,,,,,,,,,,,施工,无,,程序化,260822,已复核通过
化工群,化工_现场施工_260803_014.jpg,260803,c6f460a1d485689ec02024af5fcb3361.jpg,547875,现场施工,高,,,,,,,,,,,,施工,无,,程序化,260822,已复核通过
化工群,化工_现场施工_260716_024.jpg,260716,c7b7e7cff5aaf9ebb24b920e661f1573.jpg,1268464,现场施工,高,,,,,,,,,,,,施工,无,,程序化,260822,已复核通过
化工群,化工_检查井盖板_260808_010.jpg,260808,c7fa8b561bdb9e393470e5e7e2b4d157.jpg,428083,检查井盖板,高,,,,,,,,,,,,验收,无,,程序化,260822,已复核通过
化工群,化工_现场施工_260625_015.jpg,260625,c8514399b4bd2adaf846143451baeaf5.jpg,347375,现场施工,高,,,,,,,,,,,,施工,无,,程序化,260822,已复核通过
化工群,化工_纯碱混凝土沟槽_260808_002.jpg,260808,c8936235f9ed9c7261bfa7e910162a20.jpg,523397,纯碱混凝土沟槽,高,,,,,,,,,,,,验收,无,,程序化,260822,已复核通过
化工群,化工_现场施工_260717_034.jpg,260717,c8c8a8bf40c857946298b404946341f8.jpg,912331,现场施工,高,,,,,,,,,,,,施工,无,,程序化,260822,已复核通过
化工群,化工_纯碱6#_260715_004.jpg,260715,c901f632c365b73fa36758e4f8fe830a.jpg,323897,纯碱6#,高,,,,,,,,,,,,验收,无,,程序化,260822,已复核通过
化工群,化工_氯化铵8-14#盖板_260816_007.jpg,260816,c912be4f793dd0c30983e6596004954f.jpg,446911,氯化铵8-14#盖板,高,,,,,,,,,,,,验收,无,,程序化,260822,已复核通过
化工群,化工_纯碱236#污水池清淤_260715_006.jpg,260715,c968f34b8d114622a629fa544451e25b.jpg,339069,纯碱236#污水池清淤,高,,,,,,,,,,,,验收,无,,程序化,260822,已复核通过
化工群,化工_现场施工_260626_008.jpg,260626,c96a1900188b11f7b563b162028e415b.jpg,332399,现场施工,高,,,,,,,,,,,,施工,无,,程序化,260822,已复核通过
化工群,化工_现场施工_260710_011.jpg,260710,c98242ac4bb7892bfa63d58720d263f1.jpg,196564,现场施工,高,,,,,,,,,,,,施工,无,,程序化,260822,已复核通过
化工群,化工_现场施工_260625_016.png,260625,c98aabc5a56e1973267ca061e617d26f.png,17947,现场施工,高,,,,,,,,,,,,施工,无,,程序化,260822,已复核通过
化工群,化工_现场施工_260618_012.jpg,260618,c9903709170f00504c354f0bb5f2d1cf.jpg,411512,现场施工,高,,,,,,,,,,,,施工,无,,程序化,260822,已复核通过
化工群,化工_现场施工_260607_010.jpg,260607,c990cfb63b9a3ca4954c86a5188d5814.jpg,437737,现场施工,高,,,,,,,,,,,,施工,无,,程序化,260822,已复核通过
化工群,化工_检查井盖板_260808_011.jpg,260808,c999d5a80adbe6010b014ff30be66a81.jpg,429315,检查井盖板,高,,,,,,,,,,,,验收,无,,程序化,260822,已复核通过
化工群,化工_现场施工_260620_011.jpg,260620,c9e8be3a1b02d7d3af4479be144b7b4c.jpg,413940,现场施工,高,,,,,,,,,,,,施工,无,,程序化,260822,已复核通过
化工群,化工_验收_260703_008.jpg,260703,ca284564da0acaec2b6331e2d4c75d98.jpg,560617,验收,高,,,,,,,,,,,,验收,无,,程序化,260822,已复核通过
化工群,化工_现场施工_260724_008.jpg,260724,ca6acf6a4838eba7163857b2f7496705.jpg,661684,现场施工,高,,,,,,,,,,,,施工,无,,程序化,260822,已复核通过
化工群,化工_现场施工_260622_011.png,260622,ca8627000250e41dbd5ab12536ac2254.png,20283,现场施工,高,,,,,,,,,,,,施工,无,,程序化,260822,已复核通过
化工群,化工_现场施工_260614_018.jpg,260614,cadfec41b293dbd95122a40e694c6e17.jpg,437551,现场施工,高,,,,,,,,,,,,施工,无,,程序化,260822,已复核通过
化工群,化工_现场施工_260617_015.jpg,260617,cae280e127524cf7dc46ff7d23559254.jpg,452221,现场施工,高,,,,,,,,,,,,施工,无,,程序化,260822,已复核通过
化工群,化工_现场施工_260703_024.jpg,260703,caeb3544acd7f242a4e4eff1db069a11.jpg,273298,现场施工,高,,,,,,,,,,,,施工,无,,程序化,260822,已复核通过
化工群,化工_现场施工_260614_019.jpg,260614,caffd8314192a493e40e929cc9d34ca1.jpg,344836,现场施工,高,,,,,,,,,,,,施工,无,,程序化,260822,已复核通过
化工群,化工_现场施工_260611_018.jpg,260611,cb130f42cf37b46092873a031c7fb918.jpg,1112268,现场施工,高,,,,,,,,,,,,施工,无,,程序化,260822,已复核通过
化工群,化工_现场施工_260707_012.jpg,260707,cb56d6bd73f2ee3b81f1c0384dc6af85.jpg,525958,现场施工,高,,,,,,,,,,,,施工,无,,程序化,260822,已复核通过
化工群,化工_现场施工_260628_014.jpg,260628,cb6bf5493afb3b59aaf76a3cb3b1dd3f.jpg,6661653,现场施工,高,,,,,,,,,,,,施工,无,,程序化,260822,已复核通过
化工群,化工_现场施工_260608_012.jpg,260608,cbb6184c7eb7c3a4d33cdcce6505b5c1.jpg,454276,现场施工,高,,,,,,,,,,,,施工,无,,程序化,260822,已复核通过
化工群,化工_现场施工_260606_008.jpg,260606,cbdfb15ec265b7c598f9ceb6b83011ef.jpg,326612,现场施工,高,,,,,,,,,,,,施工,无,,程序化,260822,已复核通过
化工群,化工_氯化铵沟槽_260627_007.jpg,260627,cbe7399d5a90f0d54601c516f5eac166.jpg,465442,氯化铵沟槽,高,,,,,,,,,,,,验收,无,,程序化,260822,已复核通过
化工群,化工_检查井盖板_260808_012.jpg,260808,cbf02141cf327854f99c128e90490158.jpg,425690,检查井盖板,高,,,,,,,,,,,,验收,无,,程序化,260822,已复核通过
化工群,化工_现场施工_260703_025.jpg,260703,cc1dc2401bd4929fd8aa272b78073df6.jpg,358614,现场施工,高,,,,,,,,,,,,施工,无,,程序化,260822,已复核通过
化工群,化工_现场施工_260717_035.jpg,260717,cc441efcad0c1d49b9aa41e99a607ce6.jpg,1396144,现场施工,高,,,,,,,,,,,,施工,无,,程序化,260822,已复核通过
化工群,化工_现场施工_260629_008.png,260629,cc89dc43591fdcbe13cc73208b4000d5.png,22632,现场施工,高,,,,,,,,,,,,施工,无,,程序化,260822,已复核通过
化工群,化工_设备厂房托盘_260818_003.jpg,260818,ccc490ec1cbe5cd586cd08bb97250563.jpg,466411,设备厂房托盘,高,,,,,,,,,,,,验收,无,,程序化,260822,已复核通过
化工群,化工_现场施工_260801_006.jpg,260801,ccf1001616f8f969e98a67091728335d.jpg,760671,现场施工,高,,,,,,,,,,,,施工,无,,程序化,260822,已复核通过
化工群,化工_现场施工_260717_036.jpg,260717,cd190450f01ef68b51c76cd1bc7c8668.jpg,787984,现场施工,高,,,,,,,,,,,,施工,无,,程序化,260822,已复核通过
化工群,化工_纯碱新增6789检查井_260726_005.jpg,260726,cd4b0073a4ac79106a68a8fc798f21fe.jpg,426027,纯碱新增6789检查井,高,,,,,,,,,,,,验收,无,,程序化,260822,已复核通过
化工群,化工_现场施工_260530_014.jpg,260530,cd6466a8e67c5ed51f3d792f2e2a4269.jpg,801391,现场施工,高,,,,,,,,,,,,施工,无,,程序化,260822,已复核通过
化工群,化工_现场施工_260617_016.jpg,260617,cd9be69d79f0ba8ceb305d933fe81e7e.jpg,484233,现场施工,高,,,,,,,,,,,,施工,无,,程序化,260822,已复核通过
化工群,化工_现场施工_260717_037.jpg,260717,cd9c0444e183a2e2290510363cb6947c.jpg,738572,现场施工,高,,,,,,,,,,,,施工,无,,程序化,260822,已复核通过
化工群,化工_现场施工_260802_003.jpg,260802,cdf29e84b494b0a5be8997c474b7e0c0.jpg,668641,现场施工,高,,,,,,,,,,,,施工,无,,程序化,260822,已复核通过
化工群,化工_现场施工_260605_010.jpg,260605,ce096ada138007459f87e47168fdd2f7.jpg,427964,现场施工,高,,,,,,,,,,,,施工,无,,程序化,260822,已复核通过
化工群,化工_现场施工_260726_010.jpg,260726,ce099ce50d34c34ef11072607211dc18.jpg,801109,现场施工,高,,,,,,,,,,,,施工,无,,程序化,260822,已复核通过
化工群,化工_现场施工_260720_005.jpg,260720,ce27a3e6bfb06314c386bd7cbd8bfff6.jpg,624259,现场施工,高,,,,,,,,,,,,施工,无,,程序化,260822,已复核通过
化工群,化工_现场施工_260618_013.jpg,260618,ce3a32383cead51c8c97b09c51f838a5.jpg,344452,现场施工,高,,,,,,,,,,,,施工,无,,程序化,260822,已复核通过
化工群,化工_现场施工_260615_015.jpg,260615,ce3d163a96d1f2885918754fde67c1e5.jpg,256112,现场施工,高,,,,,,,,,,,,施工,无,,程序化,260822,已复核通过
化工群,化工_现场施工_260709_007.jpg,260709,ce7b799bb3c3c1f0d83da904020bd099.jpg,810851,现场施工,高,,,,,,,,,,,,施工,无,,程序化,260822,已复核通过
化工群,化工_现场施工_260625_017.jpg,260625,cf285798acb626be6e590a112312748c.jpg,392944,现场施工,高,,,,,,,,,,,,施工,无,,程序化,260822,已复核通过
化工群,化工_现场施工_260613_023.jpg,260613,cf532eb460a1aed5845555f7b45ceb82.jpg,176157,现场施工,高,,,,,,,,,,,,施工,无,,程序化,260822,已复核通过
化工群,化工_现场施工_260725_011.jpg,260725,cf5e9e8f8a2a3accae4f3224200563ee.jpg,643142,现场施工,高,,,,,,,,,,,,施工,无,,程序化,260822,已复核通过
化工群,化工_现场施工_260703_026.jpg,260703,d02714b7878da4c1a93265ec85d3edb2.jpg,393219,现场施工,高,,,,,,,,,,,,施工,无,,程序化,260822,已复核通过
化工群,化工_现场施工_260609_009.jpg,260609,d10b44becc57feb355dbb817c5ed7b5e.jpg,964565,现场施工,高,,,,,,,,,,,,施工,无,,程序化,260822,已复核通过
化工群,化工_现场施工_260717_038.jpg,260717,d17ffeef3d8efd8d3a7a82ad2989a5a0.jpg,922074,现场施工,高,,,,,,,,,,,,施工,无,,程序化,260822,已复核通过
化工群,化工_现场施工_260816_002.jpg,260816,d1a79bcde31d2fe7fe60aa18d747f05c.jpg,438588,现场施工,高,,,,,,,,,,,,施工,无,,程序化,260822,已复核通过
化工群,化工_氯化铵4-6号污水池、应急污水池盖板验收_260818_005.jpg,260818,d1d6499583f9cc803610a6e62e06c55c.jpg,559689,氯化铵4-6号污水池、应急污水池盖板验收,高,,,,,,,,,,,,验收,无,,程序化,260822,已复核通过
化工群,化工_现场施工_260701_011.jpg,260701,d225b58341f4d64ce7fe241d23d87d00.jpg,545035,现场施工,高,,,,,,,,,,,,施工,无,,程序化,260822,已复核通过
化工群,化工_现场施工_260625_018.jpg,260625,d26191c5a99dcebceec2fa56cfeefec8.jpg,506023,现场施工,高,,,,,,,,,,,,施工,无,,程序化,260822,已复核通过
化工群,化工_现场施工_260614_020.jpg,260614,d2ca43b876f2364a1635ac9d549dc934.jpg,530122,现场施工,高,,,,,,,,,,,,施工,无,,程序化,260822,已复核通过
化工群,化工_现场施工_260630_010.jpg,260630,d3445917316d6eae48cfd90edbf42ab7.jpg,374205,现场施工,高,,,,,,,,,,,,施工,无,,程序化,260822,已复核通过
化工群,化工_现场施工_260625_019.jpg,260625,d3716951c4a84b8ce115902f315bc3c7.jpg,501466,现场施工,高,,,,,,,,,,,,施工,无,,程序化,260822,已复核通过
化工群,化工_现场施工_260612_014.jpg,260612,d3a3dc0c1829c87de7eb76c0b8e1b48a.jpg,403754,现场施工,高,,,,,,,,,,,,施工,无,,程序化,260822,已复核通过
化工群,化工_现场施工_260704_013.jpg,260704,d401a316b7b0afba32a80caad393dddc.jpg,555849,现场施工,高,,,,,,,,,,,,施工,无,,程序化,260822,已复核通过
化工群,化工_验收_260703_009.jpg,260703,d41bdc7e7d4e4b3daed53dde159df0dd.jpg,471117,验收,高,,,,,,,,,,,,验收,无,,程序化,260822,已复核通过
化工群,化工_1#2#氮氨泵_260728_005.jpg,260728,d47a3ea02f5894f4a6e79e843bc29524.jpg,400712,1#2#氮氨泵,高,,,,,,,,,,,,验收,无,,程序化,260822,已复核通过
化工群,化工_现场施工_260708_015.jpg,260708,d4b56aa1c3c6e5c89d1397ae5875810f.jpg,549357,现场施工,高,,,,,,,,,,,,施工,无,,程序化,260822,已复核通过
化工群,化工_现场施工_260725_012.jpg,260725,d4dcaaa0e77eb3fa8d9b39fe7662b4ae.jpg,576657,现场施工,高,,,,,,,,,,,,施工,无,,程序化,260822,已复核通过
化工群,化工_现场施工_260710_012.jpg,260710,d5026098b977ebae1e418c2b7cb7de48.jpg,439273,现场施工,高,,,,,,,,,,,,施工,无,,程序化,260822,已复核通过
化工群,化工_现场施工_260701_012.jpg,260701,d511a095a6df36210c9faf0ba4dab9d5.jpg,574012,现场施工,高,,,,,,,,,,,,施工,无,,程序化,260822,已复核通过
化工群,化工_现场施工_260807_008.jpg,260807,d5bb6b5888b8c49fb4bbde96c2771212.jpg,638958,现场施工,高,,,,,,,,,,,,施工,无,,程序化,260822,已复核通过
化工群,化工_现场施工_260715_020.jpg,260715,d5cd923c351997ab846618066d380da4.jpg,729405,现场施工,高,,,,,,,,,,,,施工,无,,程序化,260822,已复核通过
化工群,化工_现场施工_260611_019.jpg,260611,d633f8521327ed4fa3995dff32fc2267.jpg,585202,现场施工,高,,,,,,,,,,,,施工,无,,程序化,260822,已复核通过
化工群,化工_现场施工_260618_014.jpg,260618,d65389dd60e042b74e154e93cb7512f6.jpg,404798,现场施工,高,,,,,,,,,,,,施工,无,,程序化,260822,已复核通过
化工群,化工_现场施工_260614_021.jpg,260614,d695a2d2461c0e498b659322b14c02f1.jpg,630075,现场施工,高,,,,,,,,,,,,施工,无,,程序化,260822,已复核通过
化工群,化工_氯化铵_260803_005.jpg,260803,d6a054f21624cd87f0fc93c47f963ae9.jpg,563148,氯化铵,高,,,,,,,,,,,,验收,无,,程序化,260822,已复核通过
化工群,化工_现场施工_260621_006.jpg,260621,d6af9f8ff969f1eb0cdc568bfbfcc598.jpg,645124,现场施工,高,,,,,,,,,,,,施工,无,,程序化,260822,已复核通过
化工群,化工_现场施工_260715_021.jpg,260715,d7746c5dee4c49af87e9f5f40f91c5a9.jpg,517336,现场施工,高,,,,,,,,,,,,施工,无,,程序化,260822,已复核通过
化工群,化工_现场施工_260608_013.jpg,260608,d79912185c92029d59efa0afaa29e496.jpg,155880,现场施工,高,,,,,,,,,,,,施工,无,,程序化,260822,已复核通过
化工群,化工_现场施工_260715_022.jpg,260715,d7e9beb9f7484fd82f9610c7ef377981.jpg,1069753,现场施工,高,,,,,,,,,,,,施工,无,,程序化,260822,已复核通过
化工群,化工_现场施工_260604_011.jpg,260604,d7ff93f8f60f2bc45bf5a710c40447c8.jpg,686569,现场施工,高,,,,,,,,,,,,施工,无,,程序化,260822,已复核通过
化工群,化工_现场施工_260716_025.jpg,260716,d8482e11afb6d75691ea66dcedf7a9cb.jpg,766801,现场施工,高,,,,,,,,,,,,施工,无,,程序化,260822,已复核通过
化工群,化工_现场施工_260708_016.jpg,260708,d8847e111009b31b260496fcb7e044ba.jpg,358623,现场施工,高,,,,,,,,,,,,施工,无,,程序化,260822,已复核通过
化工群,化工_现场施工_260615_016.jpg,260615,d897144b3059d47beed03e2dfbfe67d7.jpg,338856,现场施工,高,,,,,,,,,,,,施工,无,,程序化,260822,已复核通过
化工群,化工_现场施工_260614_022.jpg,260614,d8d6093c92f487ab960b791c0e9fca0f.jpg,457139,现场施工,高,,,,,,,,,,,,施工,无,,程序化,260822,已复核通过
化工群,化工_氯化铵新增检查井盖板验收_260818_005.jpg,260818,d90b6c8700b495db0f9be8fe62be8d8b.jpg,507634,氯化铵新增检查井盖板验收,高,,,,,,,,,,,,验收,无,,程序化,260822,已复核通过
化工群,化工_现场施工_260617_017.jpg,260617,d91d127cf4159fba228f1fb483d3b8da.jpg,350629,现场施工,高,,,,,,,,,,,,施工,无,,程序化,260822,已复核通过
化工群,化工_氯化铵应急污水池_260715_002.jpg,260715,d9797efcd9c21298167ba431f0b57e98.jpg,317054,氯化铵应急污水池,高,,,,,,,,,,,,验收,无,,程序化,260822,已复核通过
化工群,化工_验收_260703_010.jpg,260703,d98b8c04140bba53ab49f647d5faf30b.jpg,503193,验收,高,,,,,,,,,,,,验收,无,,程序化,260822,已复核通过
化工群,化工_现场施工_260724_009.jpg,260724,da08e6a01c784844b28dbe1167fe2a4d.jpg,733756,现场施工,高,,,,,,,,,,,,施工,无,,程序化,260822,已复核通过
化工群,化工_现场施工_260609_010.jpg,260609,da45cf47266d4b188daab5fbfcbd2d32.jpg,355737,现场施工,高,,,,,,,,,,,,施工,无,,程序化,260822,已复核通过
化工群,化工_现场施工_260604_012.jpg,260604,da725979f64c529091ca61f5f5da7514.jpg,816250,现场施工,高,,,,,,,,,,,,施工,无,,程序化,260822,已复核通过
化工群,化工_现场施工_260702_004.jpg,260702,da90f9ff48de90ea3e7e5c5584a93a5f.jpg,611470,现场施工,高,,,,,,,,,,,,施工,无,,程序化,260822,已复核通过
化工群,化工_现场施工_260629_009.jpg,260629,dab9d0d123200ccfaf83224cd5d077b1.jpg,1468577,现场施工,高,,,,,,,,,,,,施工,无,,程序化,260822,已复核通过
化工群,化工_现场施工_260608_014.jpg,260608,dabe0575e6bf7d05acdc3130dea98f70.jpg,562734,现场施工,高,,,,,,,,,,,,施工,无,,程序化,260822,已复核通过
化工群,化工_纯碱沟槽_260624_004.jpg,260624,dad006978003a4ec205dc24c0e9fb267.jpg,579612,纯碱沟槽,高,,,,,,,,,,,,验收,无,,程序化,260822,已复核通过
化工群,化工_现场施工_260713_006.jpg,260713,db0917edd01850c8179023da24bab95d.jpg,1147699,现场施工,高,,,,,,,,,,,,施工,无,,程序化,260822,已复核通过
化工群,化工_现场施工_260626_009.png,260626,db0fa50a3c86bead5cfe253fd8acc5d6.png,19794,现场施工,高,,,,,,,,,,,,施工,无,,程序化,260822,已复核通过
化工群,化工_现场施工_260717_039.jpg,260717,db1fcfd8eef27f98e5a794d40fd76c9a.jpg,684278,现场施工,高,,,,,,,,,,,,施工,无,,程序化,260822,已复核通过
化工群,化工_现场施工_260808_005.jpg,260808,db77669e2af87f4b7caadb3a4062d5c8.jpg,355508,现场施工,高,,,,,,,,,,,,施工,无,,程序化,260822,已复核通过
化工群,化工_氯化铵沟槽_260627_008.jpg,260627,dbc1f04862d79d690e2aebe071495446.jpg,382169,氯化铵沟槽,高,,,,,,,,,,,,验收,无,,程序化,260822,已复核通过
化工群,化工_现场施工_260803_015.jpg,260803,dd614b935116bed780b257ea76b5d46b.jpg,697408,现场施工,高,,,,,,,,,,,,施工,无,,程序化,260822,已复核通过
化工群,化工_现场施工_260804_007.jpg,260804,dd843657ee7c2b0c189d5cf66bf7b917.jpg,397040,现场施工,高,,,,,,,,,,,,施工,无,,程序化,260822,已复核通过
化工群,化工_现场施工_260610_017.jpg,260610,dd96dbc6c770237057d0c10a27eb83e6.jpg,1241039,现场施工,高,,,,,,,,,,,,施工,无,,程序化,260822,已复核通过
化工群,化工_现场施工_260720_006.jpg,260720,dda46e39702a577a4de2f1b139bd61ce.jpg,822037,现场施工,高,,,,,,,,,,,,施工,无,,程序化,260822,已复核通过
化工群,化工_现场施工_260809_004.jpg,260809,ddc5024a0c48d07d8f2d5a7288fe498b.jpg,1141059,现场施工,高,,,,,,,,,,,,施工,无,,程序化,260822,已复核通过
化工群,化工_现场施工_260711_012.jpg,260711,ddc76c62ece80ad7231c265c0b255540.jpg,394042,现场施工,高,,,,,,,,,,,,施工,无,,程序化,260822,已复核通过
化工群,化工_纯碱沟槽_260624_005.jpg,260624,ddda24e03ae96755cd69b33ccff77308.jpg,207218,纯碱沟槽,高,,,,,,,,,,,,验收,无,,程序化,260822,已复核通过
化工群,化工_现场施工_260801_007.jpg,260801,df694c0b3190ec2a0e09d23653d26ca6.jpg,876873,现场施工,高,,,,,,,,,,,,施工,无,,程序化,260822,已复核通过
化工群,化工_检查井盖板_260808_013.jpg,260808,df990b391fa9bcf1cd3be89f3bdea3cf.jpg,558046,检查井盖板,高,,,,,,,,,,,,验收,无,,程序化,260822,已复核通过
化工群,化工_氯化铵2号_260628_002.jpg,260628,dfb3e466e31f3fc58464855e331c1cf3.jpg,212799,氯化铵2号,高,,,,,,,,,,,,验收,无,,程序化,260822,已复核通过
化工群,化工_现场施工_260726_011.jpg,260726,e00c4043622159b35b59fead407566b7.jpg,1177015,现场施工,高,,,,,,,,,,,,施工,无,,程序化,260822,已复核通过
化工群,化工_氯化铵4# 9#污水池_260714_003.jpg,260714,e02dd4ba77aaf0ed38333cd1deb05f72.jpg,565865,氯化铵4# 9#污水池,高,,,,,,,,,,,,验收,无,,程序化,260822,已复核通过
化工群,化工_现场施工_260709_008.jpg,260709,e038c0a6211a7603cddbba171a34a50b.jpg,858070,现场施工,高,,,,,,,,,,,,施工,无,,程序化,260822,已复核通过
化工群,化工_现场施工_260717_040.jpg,260717,e04b0b74eab834bab7a0b62d32416339.jpg,444771,现场施工,高,,,,,,,,,,,,施工,无,,程序化,260822,已复核通过
化工群,化工_现场施工_260714_022.jpg,260714,e04b7c91721ec8d12c70f7be99780567.jpg,646198,现场施工,高,,,,,,,,,,,,施工,无,,程序化,260822,已复核通过
化工群,化工_现场施工_260626_010.jpg,260626,e050e3731bd3274faec2679231dd85d9.jpg,427173,现场施工,高,,,,,,,,,,,,施工,无,,程序化,260822,已复核通过
化工群,化工_现场施工_260713_007.jpg,260713,e08d78ba39f377d34480d1c8b05894cb.jpg,719959,现场施工,高,,,,,,,,,,,,施工,无,,程序化,260822,已复核通过
化工群,化工_现场施工_260611_020.jpg,260611,e0c4a11056813daea6b84d02a6f02a12.jpg,176033,现场施工,高,,,,,,,,,,,,施工,无,,程序化,260822,已复核通过
化工群,化工_现场施工_260602_009.jpg,260602,e0f050bc52614907520d0eb2589c8859.jpg,487360,现场施工,高,,,,,,,,,,,,施工,无,,程序化,260822,已复核通过
化工群,化工_纯碱沟槽_260626_004.jpg,260626,e1a89e37c5de67391e2c7717710bfc99.jpg,513913,纯碱沟槽,高,,,,,,,,,,,,验收,无,,程序化,260822,已复核通过
化工群,化工_现场施工_260615_017.jpg,260615,e1cc79f6543fb1477fabef1f5e38b74b.jpg,268600,现场施工,高,,,,,,,,,,,,施工,无,,程序化,260822,已复核通过
化工群,化工_现场施工_260618_015.png,260618,e1dc8ea437a41aed61f9383a9a3a76a8.png,14045,现场施工,高,,,,,,,,,,,,施工,无,,程序化,260822,已复核通过
化工群,化工_现场施工_260801_008.jpg,260801,e1df533789ecf836890deed0fe5bbd4a.jpg,663040,现场施工,高,,,,,,,,,,,,施工,无,,程序化,260822,已复核通过
化工群,化工_现场施工_260801_009.jpg,260801,e1fc94e271bad3988aa6276588ea9f3d.jpg,911737,现场施工,高,,,,,,,,,,,,施工,无,,程序化,260822,已复核通过
化工群,化工_现场施工_260629_010.jpg,260629,e253118ddcc83c597e40489023b21b72.jpg,531585,现场施工,高,,,,,,,,,,,,施工,无,,程序化,260822,已复核通过
化工群,化工_现场施工_260726_012.jpg,260726,e2b16aeffee12e793887d938f09d8e84.jpg,642691,现场施工,高,,,,,,,,,,,,施工,无,,程序化,260822,已复核通过
化工群,化工_现场施工_260531_010.jpg,260531,e3383c9d637d24fa4b861f353178b21c.jpg,476183,现场施工,高,,,,,,,,,,,,施工,无,,程序化,260822,已复核通过
化工群,化工_纯碱3号池子_260626_005.jpg,260626,e34390c1b4d6e2f72ce285ebe89f9715.jpg,516752,纯碱3号池子,高,,,,,,,,,,,,验收,无,,程序化,260822,已复核通过
化工群,化工_现场施工_260618_016.jpg,260618,e38488e507623d9e405e38ae4509c15f.jpg,388027,现场施工,高,,,,,,,,,,,,施工,无,,程序化,260822,已复核通过
化工群,化工_现场施工_260612_015.jpg,260612,e3cd666f97d4594a8617dea4d48479e7.jpg,1215419,现场施工,高,,,,,,,,,,,,施工,无,,程序化,260822,已复核通过
化工群,化工_现场施工_260628_015.jpg,260628,e46701a7e07b18cf4abc639f97368a7c.jpg,480896,现场施工,高,,,,,,,,,,,,施工,无,,程序化,260822,已复核通过
化工群,化工_现场施工_260703_027.jpg,260703,e4dce6ea4418b670a38638d281cad52d.jpg,489470,现场施工,高,,,,,,,,,,,,施工,无,,程序化,260822,已复核通过
化工群,化工_现场施工_260714_023.jpg,260714,e51e795c1311744110d90a3ebf524a2c.jpg,333476,现场施工,高,,,,,,,,,,,,施工,无,,程序化,260822,已复核通过
化工群,化工_现场施工_260604_013.jpg,260604,e53159282828cbafcec3927d62c277fb.jpg,831675,现场施工,高,,,,,,,,,,,,施工,无,,程序化,260822,已复核通过
化工群,化工_现场施工_260711_013.jpg,260711,e5e00422991ef0a74c5fbadc07e8a7a4.jpg,223707,现场施工,高,,,,,,,,,,,,施工,无,,程序化,260822,已复核通过
化工群,化工_现场施工_260717_041.jpg,260717,e6014b198ce2608116a55baebcf93464.jpg,1092048,现场施工,高,,,,,,,,,,,,施工,无,,程序化,260822,已复核通过
化工群,化工_现场施工_260716_026.jpg,260716,e6304b960b2db013ff52f6bcd944c197.jpg,643204,现场施工,高,,,,,,,,,,,,施工,无,,程序化,260822,已复核通过
化工群,化工_现场施工_260726_013.jpg,260726,e6512cde37917466bfbde3fce4328803.jpg,627759,现场施工,高,,,,,,,,,,,,施工,无,,程序化,260822,已复核通过
化工群,化工_检查井盖板_260808_014.jpg,260808,e670e88112b1992766fd47a6f23d18d8.jpg,495590,检查井盖板,高,,,,,,,,,,,,验收,无,,程序化,260822,已复核通过
化工群,化工_现场施工_260627_007.jpg,260627,e6a73b80570b738b66f94e043b5dc419.jpg,522335,现场施工,高,,,,,,,,,,,,施工,无,,程序化,260822,已复核通过
化工群,化工_现场施工_260618_017.jpg,260618,e6aedbe553488f4d44cc21c862feadc3.jpg,391243,现场施工,高,,,,,,,,,,,,施工,无,,程序化,260822,已复核通过
化工群,化工_现场施工_260611_021.jpg,260611,e6cda1be0847ae5bebca9378584e66ce.jpg,501911,现场施工,高,,,,,,,,,,,,施工,无,,程序化,260822,已复核通过
化工群,化工_现场施工_260725_013.jpg,260725,e6d5ffdd45b2b6f2614ca5b42a33e566.jpg,608995,现场施工,高,,,,,,,,,,,,施工,无,,程序化,260822,已复核通过
化工群,化工_现场施工_260611_022.jpg,260611,e6e94733758511cc70892aaaaebcdf67.jpg,287349,现场施工,高,,,,,,,,,,,,施工,无,,程序化,260822,已复核通过
化工群,化工_现场施工_260625_020.jpg,260625,e6fd26c7b9cf0a0b68b2a972c8465a59.jpg,393175,现场施工,高,,,,,,,,,,,,施工,无,,程序化,260822,已复核通过
化工群,化工_现场施工_260620_012.jpg,260620,e718e433bb929adfba91f61cad612216.jpg,826875,现场施工,高,,,,,,,,,,,,施工,无,,程序化,260822,已复核通过
化工群,化工_现场施工_260604_014.jpg,260604,e726d4caefb6ddfa026246928dcfee3f.jpg,3155001,现场施工,高,,,,,,,,,,,,施工,无,,程序化,260822,已复核通过
化工群,化工_现场施工_260612_016.jpg,260612,e75fbafaea91d5b5836f08b3820da53d.jpg,491645,现场施工,高,,,,,,,,,,,,施工,无,,程序化,260822,已复核通过
化工群,化工_现场施工_260706_007.jpg,260706,e773c6b17f2a1c7f60a9249213ab1c56.jpg,477144,现场施工,高,,,,,,,,,,,,施工,无,,程序化,260822,已复核通过
化工群,化工_现场施工_260605_011.jpg,260605,e7abbe0328e6dab7fe1e6c13cff71c3e.jpg,3224953,现场施工,高,,,,,,,,,,,,施工,无,,程序化,260822,已复核通过
化工群,化工_现场施工_260717_042.jpg,260717,e81758f2dff249d641ed5b86c48ab2c7.jpg,646634,现场施工,高,,,,,,,,,,,,施工,无,,程序化,260822,已复核通过
化工群,化工_现场施工_260705_014.jpg,260705,e825863fe1d4b4fa519933168cf5a8cc.jpg,374678,现场施工,高,,,,,,,,,,,,施工,无,,程序化,260822,已复核通过
化工群,化工_检查井盖板_260808_015.jpg,260808,e8b8fcae4e58992935802e285bf11363.jpg,526692,检查井盖板,高,,,,,,,,,,,,验收,无,,程序化,260822,已复核通过
化工群,化工_现场施工_260609_011.jpg,260609,e9c20ec92e80e410a071b535f6a3875f.jpg,267527,现场施工,高,,,,,,,,,,,,施工,无,,程序化,260822,已复核通过
化工群,化工_现场施工_260717_043.jpg,260717,e9ee569adb806616f8d924894d2b2c84.jpg,539378,现场施工,高,,,,,,,,,,,,施工,无,,程序化,260822,已复核通过
化工群,化工_现场施工_260613_024.jpg,260613,ea5c470b963f935ec3fab69f746d2b29.jpg,486067,现场施工,高,,,,,,,,,,,,施工,无,,程序化,260822,已复核通过
化工群,化工_纯碱混凝土沟槽_260808_003.jpg,260808,ea6c096fa592bc275f389415f0596444.jpg,268406,纯碱混凝土沟槽,高,,,,,,,,,,,,验收,无,,程序化,260822,已复核通过
化工群,化工_现场施工_260621_007.jpg,260621,ea7511cee7f34596ff5da870b9004450.jpg,312464,现场施工,高,,,,,,,,,,,,施工,无,,程序化,260822,已复核通过
化工群,化工_现场施工_260717_044.jpg,260717,ea78d91890d28bf3df765908a89cd31e.jpg,807687,现场施工,高,,,,,,,,,,,,施工,无,,程序化,260822,已复核通过
化工群,化工_现场施工_260704_014.jpg,260704,ea98c5f0cbc76f027e6e2e980acb2fa1.jpg,467094,现场施工,高,,,,,,,,,,,,施工,无,,程序化,260822,已复核通过
化工群,化工_现场施工_260715_023.jpg,260715,ebff08b2e5104ec21e8fb03296958252.jpg,652667,现场施工,高,,,,,,,,,,,,施工,无,,程序化,260822,已复核通过
化工群,化工_现场施工_260618_018.jpg,260618,ec35cb5981e43bbf1f488d08f180f196.jpg,366635,现场施工,高,,,,,,,,,,,,施工,无,,程序化,260822,已复核通过
化工群,化工_现场施工_260713_008.jpg,260713,ec5d5a3a09b8388ec0172afad58f504c.jpg,1247644,现场施工,高,,,,,,,,,,,,施工,无,,程序化,260822,已复核通过
化工群,化工_现场施工_260807_009.jpg,260807,ec9127f205daf08011c9298357aba582.jpg,1107555,现场施工,高,,,,,,,,,,,,施工,无,,程序化,260822,已复核通过
化工群,化工_纯碱2356盖板_260808_003.jpg,260808,ed10b3fa8aae61c428d116d29f756727.jpg,421937,纯碱2356盖板,高,,,,,,,,,,,,验收,无,,程序化,260822,已复核通过
化工群,化工_现场施工_260725_014.jpg,260725,ed163ce2fb8ebd0cc84bd87b24263a49.jpg,232174,现场施工,高,,,,,,,,,,,,施工,无,,程序化,260822,已复核通过
化工群,化工_现场施工_260618_019.jpg,260618,ed9faab53f661037698f626c9eb3ba81.jpg,624696,现场施工,高,,,,,,,,,,,,施工,无,,程序化,260822,已复核通过
化工群,化工_现场施工_260630_011.jpg,260630,edfde3cb3e7a7a41790d7f48fb24f104.jpg,307111,现场施工,高,,,,,,,,,,,,施工,无,,程序化,260822,已复核通过
化工群,化工_现场施工_260618_020.jpg,260618,ee6b8be3506a229362e29913c3b92fd8.jpg,446290,现场施工,高,,,,,,,,,,,,施工,无,,程序化,260822,已复核通过
化工群,化工_现场施工_260714_024.jpg,260714,ee79f2647495843e6418c954bfa13a6c.jpg,617278,现场施工,高,,,,,,,,,,,,施工,无,,程序化,260822,已复核通过
化工群,化工_现场施工_260610_018.jpg,260610,eebca6a0daee2b2a9640256ff6b2d42d.jpg,470317,现场施工,高,,,,,,,,,,,,施工,无,,程序化,260822,已复核通过
化工群,化工_现场施工_260614_023.jpg,260614,ef78e192f3fa601f5a4462d912e46726.jpg,332218,现场施工,高,,,,,,,,,,,,施工,无,,程序化,260822,已复核通过
化工群,化工_现场施工_260806_004.jpg,260806,ef9e139d153816378c416399335d4cd0.jpg,453572,现场施工,高,,,,,,,,,,,,施工,无,,程序化,260822,已复核通过
化工群,化工_现场施工_260608_015.jpg,260608,f0275a9799c707e8c4bbe54ca7cec690.jpg,369299,现场施工,高,,,,,,,,,,,,施工,无,,程序化,260822,已复核通过
化工群,化工_现场施工_260630_012.png,260630,f02d40ae07fafb1c1b5b80f735b8c254.png,20398,现场施工,高,,,,,,,,,,,,施工,无,,程序化,260822,已复核通过
化工群,化工_现场施工_260616_008.jpg,260616,f055a0d1037791acfe142907f2aec2f8.jpg,1293344,现场施工,高,,,,,,,,,,,,施工,无,,程序化,260822,已复核通过
化工群,化工_现场施工_260713_009.jpg,260713,f0ce892d2a746395a840319ce504b454.jpg,1121458,现场施工,高,,,,,,,,,,,,施工,无,,程序化,260822,已复核通过
化工群,化工_现场施工_260611_023.jpg,260611,f0e1cc97bfcca14feed74ac5d414c46d.jpg,483780,现场施工,高,,,,,,,,,,,,施工,无,,程序化,260822,已复核通过
化工群,化工_现场施工_260717_045.jpg,260717,f0eb6c1323566fbe48b5193a58645e56.jpg,721445,现场施工,高,,,,,,,,,,,,施工,无,,程序化,260822,已复核通过
化工群,化工_现场施工_260708_017.jpg,260708,f121635331be06760629011ab84acda6.jpg,1567948,现场施工,高,,,,,,,,,,,,施工,无,,程序化,260822,已复核通过
化工群,化工_现场施工_260613_025.jpg,260613,f1482ee110c348ac02086e3283fb344a.jpg,373524,现场施工,高,,,,,,,,,,,,施工,无,,程序化,260822,已复核通过
化工群,化工_现场施工_260602_010.jpg,260602,f1a4af173339e5d495984e87de79b711.jpg,534084,现场施工,高,,,,,,,,,,,,施工,无,,程序化,260822,已复核通过
化工群,化工_现场施工_260627_008.png,260627,f21fca2662a3950e5415ce1fd10417ba.png,21720,现场施工,高,,,,,,,,,,,,施工,无,,程序化,260822,已复核通过
化工群,化工_现场施工_260629_011.jpg,260629,f23db1a56a58eea0cab98e621b0078a7.jpg,402277,现场施工,高,,,,,,,,,,,,施工,无,,程序化,260822,已复核通过
化工群,化工_现场施工_260715_024.jpg,260715,f23ea3387582768f474bbd84d94d9597.jpg,698630,现场施工,高,,,,,,,,,,,,施工,无,,程序化,260822,已复核通过
化工群,化工_现场施工_260617_018.jpg,260617,f2d41f44b1cd2262dc38151613472251.jpg,299891,现场施工,高,,,,,,,,,,,,施工,无,,程序化,260822,已复核通过
化工群,化工_现场施工_260717_046.jpg,260717,f362a192da76b5943693c5e7ac76c7e0.jpg,633405,现场施工,高,,,,,,,,,,,,施工,无,,程序化,260822,已复核通过
化工群,化工_现场施工_260706_008.jpg,260706,f38f834d643769513ec8cd3a365ebe9e.jpg,411984,现场施工,高,,,,,,,,,,,,施工,无,,程序化,260822,已复核通过
化工群,化工_现场施工_260808_006.jpg,260808,f4035c895aaba28ee7be377c5ed7fcb9.jpg,355959,现场施工,高,,,,,,,,,,,,施工,无,,程序化,260822,已复核通过
化工群,化工_现场施工_260817_004.jpg,260817,f4680bcfff3f4db93a44a610f00a751d.jpg,484362,现场施工,高,,,,,,,,,,,,施工,无,,程序化,260822,已复核通过
化工群,化工_现场施工_260529_004.jpg,260529,f5b87e883e3924d5465e8811115f20d9.jpg,700971,现场施工,高,,,,,,,,,,,,施工,无,,程序化,260822,已复核通过
化工群,化工_检查井盖板_260808_016.jpg,260808,f5c1884a0f1ecf9090e6e8c0896fae17.jpg,398582,检查井盖板,高,,,,,,,,,,,,验收,无,,程序化,260822,已复核通过
化工群,化工_现场施工_260708_018.jpg,260708,f60de588e06afd715a3c4330958c7165.jpg,1419540,现场施工,高,,,,,,,,,,,,施工,无,,程序化,260822,已复核通过
化工群,化工_氯化铵4-6号污水池、应急污水池盖板验收_260818_006.jpg,260818,f6672b50d0246dcb472d23bd03f82bb7.jpg,406463,氯化铵4-6号污水池、应急污水池盖板验收,高,,,,,,,,,,,,验收,无,,程序化,260822,已复核通过
化工群,化工_现场施工_260605_012.jpg,260605,f6f53536c41ca10fd499d32bb8eb7f86.jpg,807854,现场施工,高,,,,,,,,,,,,施工,无,,程序化,260822,已复核通过
化工群,化工_现场施工_260707_013.jpg,260707,f801dcf282696ab54c0e9e25576a31ea.jpg,399565,现场施工,高,,,,,,,,,,,,施工,无,,程序化,260822,已复核通过
化工群,化工_现场施工_260612_017.jpg,260612,f811754fc967f4dfd5dc08398ae5d7bc.jpg,1320025,现场施工,高,,,,,,,,,,,,施工,无,,程序化,260822,已复核通过
化工群,化工_现场施工_260614_024.jpg,260614,f817f7f75cd693448e5139d080fcffcd.jpg,365398,现场施工,高,,,,,,,,,,,,施工,无,,程序化,260822,已复核通过
化工群,化工_现场施工_260530_015.jpg,260530,f8333dd60817bbb94330a7db0fafa00e.jpg,361921,现场施工,高,,,,,,,,,,,,施工,无,,程序化,260822,已复核通过
化工群,化工_现场施工_260717_047.jpg,260717,f83551d49ad3cd2eeffc84ee27f5d640.jpg,845744,现场施工,高,,,,,,,,,,,,施工,无,,程序化,260822,已复核通过
化工群,化工_现场施工_260601_019.jpg,260601,f8592a655ffe3de2a5b9c4ea91fc39fc.jpg,780161,现场施工,高,,,,,,,,,,,,施工,无,,程序化,260822,已复核通过
化工群,化工_验收_260703_011.jpg,260703,f869bb962de3eb45e70aa1b64a0e5b36.jpg,535564,验收,高,,,,,,,,,,,,验收,无,,程序化,260822,已复核通过
化工群,化工_现场施工_260703_028.jpg,260703,f89ce2076b98a56a5b9a912428ba9d3e.jpg,393750,现场施工,高,,,,,,,,,,,,施工,无,,程序化,260822,已复核通过
化工群,化工_现场施工_260618_021.jpg,260618,f8aa77b4f9a29d0df9bbfd565ae67000.jpg,9800877,现场施工,高,,,,,,,,,,,,施工,无,,程序化,260822,已复核通过
化工群,化工_现场施工_260611_024.jpg,260611,f8b12751ec6b72c85e1b9570e860a85d.jpg,526055,现场施工,高,,,,,,,,,,,,施工,无,,程序化,260822,已复核通过
化工群,化工_现场施工_260625_021.jpg,260625,f8b6df6295902b401d355ffa13a6e241.jpg,365332,现场施工,高,,,,,,,,,,,,施工,无,,程序化,260822,已复核通过
化工群,化工_检查井盖板_260808_017.jpg,260808,f9d5f4083a13b2ed5d44fb70df83015a.jpg,434502,检查井盖板,高,,,,,,,,,,,,验收,无,,程序化,260822,已复核通过
化工群,化工_氯化铵1号池子_260626_004.jpg,260626,f9ee453357d6f7512aeb61e6cd36693c.jpg,510084,氯化铵1号池子,高,,,,,,,,,,,,验收,无,,程序化,260822,已复核通过
化工群,化工_现场施工_260714_025.jpg,260714,fa02ece766043338624b20363c5f0e8c.jpg,631320,现场施工,高,,,,,,,,,,,,施工,无,,程序化,260822,已复核通过
化工群,化工_现场施工_260724_010.jpg,260724,fa5f1a69e95c27bb3b2e5cbd1135590e.jpg,361913,现场施工,高,,,,,,,,,,,,施工,无,,程序化,260822,已复核通过
化工群,化工_现场施工_260717_048.jpg,260717,fa613f94d79c70fe43cef763e7411540.jpg,871773,现场施工,高,,,,,,,,,,,,施工,无,,程序化,260822,已复核通过
化工群,化工_现场施工_260531_011.jpg,260531,fa66e67441314885c2a8d65c139dfea8.jpg,772418,现场施工,高,,,,,,,,,,,,施工,无,,程序化,260822,已复核通过
化工群,化工_现场施工_260618_022.jpg,260618,fa93d49874618b51525bf78d8b750b98.jpg,9985704,现场施工,高,,,,,,,,,,,,施工,无,,程序化,260822,已复核通过
化工群,化工_氯化铵沟槽_260627_009.jpg,260627,fafab5cbd1a7cf11f191c8cba35fa8d2.jpg,354616,氯化铵沟槽,高,,,,,,,,,,,,验收,无,,程序化,260822,已复核通过
化工群,化工_现场施工_260611_025.jpg,260611,fb0fce40ce53e2c2366656895bce7f2c.jpg,464728,现场施工,高,,,,,,,,,,,,施工,无,,程序化,260822,已复核通过
化工群,化工_现场施工_260724_011.jpg,260724,fb4b6ebc17f4379f721fd8bc6f317fcb.jpg,312143,现场施工,高,,,,,,,,,,,,施工,无,,程序化,260822,已复核通过
化工群,化工_现场施工_260723_010.jpg,260723,fb53f6a3adc88d3dd5c7d6a7963edfb1.jpg,617998,现场施工,高,,,,,,,,,,,,施工,无,,程序化,260822,已复核通过
化工群,化工_现场施工_260606_009.jpg,260606,fb5713ae88bdff463928ea28df9e28d6.jpg,432064,现场施工,高,,,,,,,,,,,,施工,无,,程序化,260822,已复核通过
化工群,化工_现场施工_260717_049.jpg,260717,fb9d2318cb582c05a5e11919f677429c.jpg,824034,现场施工,高,,,,,,,,,,,,施工,无,,程序化,260822,已复核通过
化工群,化工_现场施工_260614_025.jpg,260614,fc475b32088c8e4e811002bbe841d736.jpg,344756,现场施工,高,,,,,,,,,,,,施工,无,,程序化,260822,已复核通过
化工群,化工_检查井盖板_260808_018.jpg,260808,fc67742704220576e0eac4f0a6939247.jpg,529888,检查井盖板,高,,,,,,,,,,,,验收,无,,程序化,260822,已复核通过
化工群,化工_现场施工_260714_026.jpg,260714,fc7a968424410ca3b1bddfd6ac77478c.jpg,365187,现场施工,高,,,,,,,,,,,,施工,无,,程序化,260822,已复核通过
化工群,化工_现场施工_260618_023.jpg,260618,fc81fe977c9e5609506d936678928a25.jpg,487287,现场施工,高,,,,,,,,,,,,施工,无,,程序化,260822,已复核通过
化工群,化工_现场施工_260624_011.jpg,260624,fd125336ff797bd5be96e12ff279b635.jpg,404611,现场施工,高,,,,,,,,,,,,施工,无,,程序化,260822,已复核通过
化工群,化工_现场施工_260719_003.jpg,260719,fd14102fc7afb298d59872d1be80390c.jpg,660253,现场施工,高,,,,,,,,,,,,施工,无,,程序化,260822,已复核通过
化工群,化工_现场施工_260609_012.jpg,260609,fd46fe795fac7977037b1110c76edd35.jpg,349753,现场施工,高,,,,,,,,,,,,施工,无,,程序化,260822,已复核通过
化工群,化工_纯碱车间2#污水池沟槽_260708_003.jpg,260708,fd5d82a0942731f98780f48aee271bb4.jpg,624549,纯碱车间2#污水池沟槽,高,,,,,,,,,,,,验收,无,,程序化,260822,已复核通过
化工群,化工_现场施工_260710_013.jpg,260710,fd6ef15d8c8889a99927c877bab0f645.jpg,345104,现场施工,高,,,,,,,,,,,,施工,无,,程序化,260822,已复核通过
化工群,化工_纯碱车间2#污水池沟槽_260708_004.jpg,260708,fd729f0247c2cf0aecde6515d03d4fbc.jpg,511737,纯碱车间2#污水池沟槽,高,,,,,,,,,,,,验收,无,,程序化,260822,已复核通过
化工群,化工_氯化铵13 14#污水池_260730_003.jpg,260730,fd823d778ec14c5a7f0567255c74c3e7.jpg,522847,氯化铵13 14#污水池,高,,,,,,,,,,,,验收,无,,程序化,260822,已复核通过
化工群,化工_现场施工_260803_016.jpg,260803,fe2410812ef9498b3fea9c55d2ca29b3.jpg,619422,现场施工,高,,,,,,,,,,,,施工,无,,程序化,260822,已复核通过
化工群,化工_现场施工_260605_013.jpg,260605,fec89984545e82453d7f7e750b5d5d79.jpg,716133,现场施工,高,,,,,,,,,,,,施工,无,,程序化,260822,已复核通过
化工群,化工_现场施工_260714_027.jpg,260714,fef25ba451795724e702cf59b3ccc972.jpg,560854,现场施工,高,,,,,,,,,,,,施工,无,,程序化,260822,已复核通过
化工群,化工_现场施工_260701_013.jpg,260701,ff03623d554708b277249e4eeda7320e.jpg,367783,现场施工,高,,,,,,,,,,,,施工,无,,程序化,260822,已复核通过
化工群,化工_现场施工_260622_012.jpg,260622,ff991bc5ca386e85a71cee705dc1e744.jpg,480485,现场施工,高,,,,,,,,,,,,施工,无,,程序化,260822,已复核通过
化工群,化工_现场施工_260630_013.jpg,260630,fffaf8eca4acf2b06eccc567c7431743.jpg,1701332,现场施工,高,,,,,,,,,,,,施工,无,,程序化,260822,已复核通过
化工群,化工_现场施工_260718_002.jpg,260718,微信图片_20260721135622_1055_149.jpg,617991,现场施工,高,,,,,,,,,,,,施工,无,,程序化,260822,已复核通过
化工群,化工_现场施工_260718_003.jpg,260718,微信图片_20260721135623_1056_149.jpg,1236259,现场施工,高,,,,,,,,,,,,施工,无,,程序化,260822,已复核通过
化工群,化工_现场施工_260718_004.jpg,260718,微信图片_20260721135624_1057_149.jpg,944302,现场施工,高,,,,,,,,,,,,施工,无,,程序化,260822,已复核通过
化工群,化工_现场施工_260718_005.jpg,260718,微信图片_20260721135625_1058_149.jpg,1275422,现场施工,高,,,,,,,,,,,,施工,无,,程序化,260822,已复核通过
化工群,化工_现场施工_260718_006.jpg,260718,微信图片_20260721135625_1059_149.jpg,439870,现场施工,高,,,,,,,,,,,,施工,无,,程序化,260822,已复核通过
化工群,化工_现场施工_260718_007.jpg,260718,微信图片_20260721135626_1060_149.jpg,748385,现场施工,高,,,,,,,,,,,,施工,无,,程序化,260822,已复核通过
化工群,化工_现场施工_260718_008.jpg,260718,微信图片_20260721135627_1061_149.jpg,1171805,现场施工,高,,,,,,,,,,,,施工,无,,程序化,260822,已复核通过
化工群,化工_现场施工_260718_009.jpg,260718,微信图片_20260721135628_1062_149.jpg,819794,现场施工,高,,,,,,,,,,,,施工,无,,程序化,260822,已复核通过
化工群,化工_现场施工_260718_010.jpg,260718,微信图片_20260721135629_1063_149.jpg,1076821,现场施工,高,,,,,,,,,,,,施工,无,,程序化,260822,已复核通过
化工群,化工_现场施工_260718_011.jpg,260718,微信图片_20260721135630_1064_149.jpg,1209716,现场施工,高,,,,,,,,,,,,施工,无,,程序化,260822,已复核通过
化工群,化工_现场施工_260718_012.jpg,260718,微信图片_20260721135631_1065_149.jpg,1081626,现场施工,高,,,,,,,,,,,,施工,无,,程序化,260822,已复核通过
化工群,化工_现场施工_260718_013.jpg,260718,微信图片_20260721135632_1066_149.jpg,11314093,现场施工,高,,,,,,,,,,,,施工,无,,程序化,260822,已复核通过
化工群,化工_现场施工_260718_014.jpg,260718,微信图片_20260721135633_1067_149.jpg,1168491,现场施工,高,,,,,,,,,,,,施工,无,,程序化,260822,已复核通过
化工群,化工_现场施工_260718_015.jpg,260718,微信图片_20260721135633_1068_149.jpg,1153395,现场施工,高,,,,,,,,,,,,施工,无,,程序化,260822,已复核通过
化工群,化工_现场施工_260718_016.jpg,260718,微信图片_20260721135634_1069_149.jpg,996642,现场施工,高,,,,,,,,,,,,施工,无,,程序化,260822,已复核通过
化工群,化工_现场施工_260718_017.jpg,260718,微信图片_20260721135635_1070_149.jpg,601713,现场施工,高,,,,,,,,,,,,施工,无,,程序化,260822,已复核通过
化工群,化工_现场施工_260718_018.jpg,260718,微信图片_20260721135636_1071_149.jpg,718447,现场施工,高,,,,,,,,,,,,施工,无,,程序化,260822,已复核通过
化工群,化工_现场施工_260719_004.jpg,260719,微信图片_20260721140023_1076_149.jpg,798583,现场施工,高,,,,,,,,,,,,施工,无,,程序化,260822,已复核通过
化工群,化工_现场施工_260719_005.jpg,260719,微信图片_20260721140024_1077_149.jpg,669248,现场施工,高,,,,,,,,,,,,施工,无,,程序化,260822,已复核通过
化工群,化工_现场施工_260719_006.jpg,260719,微信图片_20260721140026_1078_149.jpg,898212,现场施工,高,,,,,,,,,,,,施工,无,,程序化,260822,已复核通过
化工群,化工_现场施工_260719_007.jpg,260719,微信图片_20260721140032_1079_149.jpg,653594,现场施工,高,,,,,,,,,,,,施工,无,,程序化,260822,已复核通过
化工群,化工_现场施工_260719_008.jpg,260719,微信图片_20260721140033_1080_149.jpg,718759,现场施工,高,,,,,,,,,,,,施工,无,,程序化,260822,已复核通过
化工群,化工_现场施工_260719_009.jpg,260719,微信图片_20260721140034_1081_149.jpg,810278,现场施工,高,,,,,,,,,,,,施工,无,,程序化,260822,已复核通过
化工群,化工_现场施工_260719_010.jpg,260719,微信图片_20260721140037_1082_149.jpg,749177,现场施工,高,,,,,,,,,,,,施工,无,,程序化,260822,已复核通过
化工群,化工_车间_260725_001.jpg,260725,微信图片_20260725141803_1137_149.jpg,244386,车间,高,,,,,,,,,,,,验收,无,,程序化,260822,已复核通过
化工群,化工_车间_260725_002.jpg,260725,微信图片_20260725141804_1138_149.jpg,275929,车间,高,,,,,,,,,,,,验收,无,,程序化,260822,已复核通过
化工群,化工_车间_260725_003.jpg,260725,微信图片_20260725141806_1139_149.jpg,271800,车间,高,,,,,,,,,,,,验收,无,,程序化,260822,已复核通过
化工群,化工_车间_260725_004.jpg,260725,微信图片_20260725141807_1140_149.jpg,304304,车间,高,,,,,,,,,,,,验收,无,,程序化,260822,已复核通过
化工群,化工_车间_260725_005.jpg,260725,微信图片_20260725141809_1141_149.jpg,321217,车间,高,,,,,,,,,,,,验收,无,,程序化,260822,已复核通过
化工群,化工_车间_260725_006.jpg,260725,微信图片_20260725141811_1142_149.jpg,284776,车间,高,,,,,,,,,,,,验收,无,,程序化,260822,已复核通过
化工群,化工_车间_260725_007.jpg,260725,微信图片_20260725141813_1143_149.jpg,246359,车间,高,,,,,,,,,,,,验收,无,,程序化,260822,已复核通过
化工群,化工_车间_260725_008.jpg,260725,微信图片_20260725141814_1144_149.jpg,252956,车间,高,,,,,,,,,,,,验收,无,,程序化,260822,已复核通过
化工群,化工_车间_260725_009.jpg,260725,微信图片_20260725141816_1145_149.jpg,231522,车间,高,,,,,,,,,,,,验收,无,,程序化,260822,已复核通过
化工群,化工_车间_260725_010.jpg,260725,微信图片_20260725141818_1146_149.jpg,272286,车间,高,,,,,,,,,,,,验收,无,,程序化,260822,已复核通过
化工群,化工_车间_260725_011.jpg,260725,微信图片_20260725141821_1147_149.jpg,347676,车间,高,,,,,,,,,,,,验收,无,,程序化,260822,已复核通过
化工群,化工_车间_260725_012.jpg,260725,微信图片_20260725141823_1148_149.jpg,311707,车间,高,,,,,,,,,,,,验收,无,,程序化,260822,已复核通过
化工群,化工_车间_260725_013.jpg,260725,微信图片_20260725141826_1149_149.jpg,359983,车间,高,,,,,,,,,,,,验收,无,,程序化,260822,已复核通过
化工群,化工_车间_260725_014.jpg,260725,微信图片_20260725141828_1150_149.jpg,343699,车间,高,,,,,,,,,,,,验收,无,,程序化,260822,已复核通过
化工群,化工_纯碱3#_260725_001.jpg,260725,微信图片_20260725142954_1151_149.jpg,517528,纯碱3#,高,,,,,,,,,,,,验收,无,,程序化,260822,已复核通过
化工群,化工_纯碱3#_260725_002.jpg,260725,微信图片_20260725142956_1152_149.jpg,492440,纯碱3#,高,,,,,,,,,,,,验收,无,,程序化,260822,已复核通过
化工群,化工_纯碱3#_260725_003.jpg,260725,微信图片_20260725142958_1153_149.jpg,504033,纯碱3#,高,,,,,,,,,,,,验收,无,,程序化,260822,已复核通过
化工群,化工_纯碱3#_260725_004.jpg,260725,微信图片_20260725143001_1154_149.jpg,516113,纯碱3#,高,,,,,,,,,,,,验收,无,,程序化,260822,已复核通过
化工群,化工_纯碱3#_260725_005.jpg,260725,微信图片_20260725143003_1155_149.jpg,479818,纯碱3#,高,,,,,,,,,,,,验收,无,,程序化,260822,已复核通过
化工群,化工_纯碱3#_260725_006.jpg,260725,微信图片_20260725143005_1156_149.jpg,632195,纯碱3#,高,,,,,,,,,,,,验收,无,,程序化,260822,已复核通过
化工群,化工_纯碱2#_260725_001.jpg,260725,微信图片_20260725143031_1157_149.jpg,518035,纯碱2#,高,,,,,,,,,,,,验收,无,,程序化,260822,已复核通过
化工群,化工_纯碱2#_260725_002.jpg,260725,微信图片_20260725143034_1158_149.jpg,494953,纯碱2#,高,,,,,,,,,,,,验收,无,,程序化,260822,已复核通过
化工群,化工_纯碱2#_260725_003.jpg,260725,微信图片_20260725143036_1159_149.jpg,518603,纯碱2#,高,,,,,,,,,,,,验收,无,,程序化,260822,已复核通过
化工群,化工_纯碱2#_260725_004.jpg,260725,微信图片_20260725143038_1160_149.jpg,534145,纯碱2#,高,,,,,,,,,,,,验收,无,,程序化,260822,已复核通过
化工群,化工_纯碱2#_260725_005.jpg,260725,微信图片_20260725143041_1161_149.jpg,519933,纯碱2#,高,,,,,,,,,,,,验收,无,,程序化,260822,已复核通过
化工群,化工_纯碱2#_260725_006.jpg,260725,微信图片_20260725143043_1162_149.jpg,547044,纯碱2#,高,,,,,,,,,,,,验收,无,,程序化,260822,已复核通过
化工群,化工_纯碱2#_260725_007.jpg,260725,微信图片_20260725143046_1163_149.jpg,548705,纯碱2#,高,,,,,,,,,,,,验收,无,,程序化,260822,已复核通过
化工群,化工_纯碱2#_260725_008.jpg,260725,微信图片_20260725143049_1164_149.jpg,469900,纯碱2#,高,,,,,,,,,,,,验收,无,,程序化,260822,已复核通过
化工群,化工_纯碱2#_260725_009.jpg,260725,微信图片_20260725143054_1165_149.jpg,511539,纯碱2#,高,,,,,,,,,,,,验收,无,,程序化,260822,已复核通过
化工群,化工_纯碱2#_260725_010.jpg,260725,微信图片_20260725143058_1166_149.jpg,553063,纯碱2#,高,,,,,,,,,,,,验收,无,,程序化,260822,已复核通过
化工群,化工_氯化铵沟槽混凝土_260803_001.jpg,260803,微信图片_20260803183655_1233_149.jpg,585806,氯化铵沟槽混凝土,高,,,,,,,,,,,,验收,无,,程序化,260822,已复核通过
化工群,化工_氯化铵沟槽混凝土_260803_002.jpg,260803,微信图片_20260803183657_1234_149.jpg,541556,氯化铵沟槽混凝土,高,,,,,,,,,,,,验收,无,,程序化,260822,已复核通过
化工群,化工_氯化铵沟槽混凝土_260803_003.jpg,260803,微信图片_20260803183659_1235_149.jpg,543871,氯化铵沟槽混凝土,高,,,,,,,,,,,,验收,无,,程序化,260822,已复核通过
化工群,化工_氯化铵沟槽混凝土_260803_004.jpg,260803,微信图片_20260803183700_1236_149.jpg,606864,氯化铵沟槽混凝土,高,,,,,,,,,,,,验收,无,,程序化,260822,已复核通过
化工群,化工_氯化铵沟槽混凝土_260803_005.jpg,260803,微信图片_20260803183701_1237_149.jpg,549378,氯化铵沟槽混凝土,高,,,,,,,,,,,,验收,无,,程序化,260822,已复核通过
化工群,化工_氯化铵沟槽混凝土_260803_006.jpg,260803,微信图片_20260803183702_1238_149.jpg,574178,氯化铵沟槽混凝土,高,,,,,,,,,,,,验收,无,,程序化,260822,已复核通过
化工群,化工_氯化铵沟槽混凝土_260803_007.jpg,260803,微信图片_20260803183703_1239_149.jpg,563074,氯化铵沟槽混凝土,高,,,,,,,,,,,,验收,无,,程序化,260822,已复核通过
化工群,化工_氯化铵沟槽混凝土_260803_008.jpg,260803,微信图片_20260803183704_1240_149.jpg,430480,氯化铵沟槽混凝土,高,,,,,,,,,,,,验收,无,,程序化,260822,已复核通过
化工群,化工_氯化铵沟槽混凝土_260803_009.jpg,260803,微信图片_20260803183705_1241_149.jpg,480579,氯化铵沟槽混凝土,高,,,,,,,,,,,,验收,无,,程序化,260822,已复核通过
化工群,化工_氯化铵沟槽混凝土_260803_010.jpg,260803,微信图片_20260803183706_1242_149.jpg,523711,氯化铵沟槽混凝土,高,,,,,,,,,,,,验收,无,,程序化,260822,已复核通过
化工群,化工_氯化铵1#污水池沟槽_260803_002.jpg,260803,微信图片_20260803183809_1245_149.jpg,419175,氯化铵1#污水池沟槽,高,,,,,,,,,,,,验收,无,,程序化,260822,已复核通过
化工群,化工_氯化铵1#污水池沟槽_260803_003.jpg,260803,微信图片_20260803183811_1246_149.jpg,539147,氯化铵1#污水池沟槽,高,,,,,,,,,,,,验收,无,,程序化,260822,已复核通过
化工群,化工_氯化铵1#污水池沟槽_260803_004.jpg,260803,微信图片_20260803183812_1247_149.jpg,377320,氯化铵1#污水池沟槽,高,,,,,,,,,,,,验收,无,,程序化,260822,已复核通过
化工群,化工_氯化铵1#污水池沟槽_260803_005.jpg,260803,微信图片_20260803183813_1248_149.jpg,441681,氯化铵1#污水池沟槽,高,,,,,,,,,,,,验收,无,,程序化,260822,已复核通过
化工群,化工_氯化铵1#污水池沟槽_260803_006.jpg,260803,微信图片_20260803183816_1249_149.jpg,398523,氯化铵1#污水池沟槽,高,,,,,,,,,,,,验收,无,,程序化,260822,已复核通过
化工群,化工_氯化铵1#污水池沟槽_260803_007.jpg,260803,微信图片_20260803183817_1250_149.jpg,536756,氯化铵1#污水池沟槽,高,,,,,,,,,,,,验收,无,,程序化,260822,已复核通过
化工群,化工_2#污水池托盘_260808_001.jpg,260808,微信图片_20260808123630_1324_149.jpg,480911,2#污水池托盘,高,,,,,,,,,,,,验收,无,,程序化,260822,已复核通过
化工群,化工_2#污水池托盘_260808_002.jpg,260808,微信图片_20260808123631_1325_149.jpg,476150,2#污水池托盘,高,,,,,,,,,,,,验收,无,,程序化,260822,已复核通过
化工群,化工_2#污水池托盘_260808_003.jpg,260808,微信图片_20260808123632_1326_149.jpg,460311,2#污水池托盘,高,,,,,,,,,,,,验收,无,,程序化,260822,已复核通过
化工群,化工_2#污水池托盘_260808_004.jpg,260808,微信图片_20260808123632_1327_149.jpg,462884,2#污水池托盘,高,,,,,,,,,,,,验收,无,,程序化,260822,已复核通过
化工群,化工_2#污水池托盘_260808_005.jpg,260808,微信图片_20260808123633_1328_149.jpg,462475,2#污水池托盘,高,,,,,,,,,,,,验收,无,,程序化,260822,已复核通过
化工群,化工_2#污水池托盘_260808_006.jpg,260808,微信图片_20260808123634_1329_149.jpg,587943,2#污水池托盘,高,,,,,,,,,,,,验收,无,,程序化,260822,已复核通过
化工群,化工_2#污水池托盘_260808_007.jpg,260808,微信图片_20260808123635_1330_149.jpg,469410,2#污水池托盘,高,,,,,,,,,,,,验收,无,,程序化,260822,已复核通过
化工群,化工_2#污水池托盘_260808_008.jpg,260808,微信图片_20260808123636_1331_149.jpg,441288,2#污水池托盘,高,,,,,,,,,,,,验收,无,,程序化,260822,已复核通过
化工群,化工_2#污水池托盘_260808_009.jpg,260808,微信图片_20260808123637_1332_149.jpg,487100,2#污水池托盘,高,,,,,,,,,,,,验收,无,,程序化,260822,已复核通过
化工群,化工_2#污水池托盘_260808_010.jpg,260808,微信图片_20260808123638_1333_149.jpg,495440,2#污水池托盘,高,,,,,,,,,,,,验收,无,,程序化,260822,已复核通过
化工群,化工_2#污水池托盘_260808_011.jpg,260808,微信图片_20260808123638_1334_149.jpg,481890,2#污水池托盘,高,,,,,,,,,,,,验收,无,,程序化,260822,已复核通过
化工群,化工_2#污水池托盘_260808_012.jpg,260808,微信图片_20260808123639_1335_149.jpg,537943,2#污水池托盘,高,,,,,,,,,,,,验收,无,,程序化,260822,已复核通过
化工群,化工_2#污水池托盘_260808_013.jpg,260808,微信图片_20260808123640_1336_149.jpg,373420,2#污水池托盘,高,,,,,,,,,,,,验收,无,,程序化,260822,已复核通过
化工群,化工_2#污水池托盘_260808_014.jpg,260808,微信图片_20260808123641_1337_149.jpg,441263,2#污水池托盘,高,,,,,,,,,,,,验收,无,,程序化,260822,已复核通过
化工群,化工_2#污水池托盘_260808_015.jpg,260808,微信图片_20260808123642_1338_149.jpg,424380,2#污水池托盘,高,,,,,,,,,,,,验收,无,,程序化,260822,已复核通过
化工群,化工_设备厂房托盘_260808_001.jpg,260808,微信图片_20260808123642_1339_149.jpg,372832,设备厂房托盘,高,,,,,,,,,,,,验收,无,,程序化,260822,已复核通过
化工群,化工_设备厂房托盘_260808_002.jpg,260808,微信图片_20260808123643_1340_149.jpg,339865,设备厂房托盘,高,,,,,,,,,,,,验收,无,,程序化,260822,已复核通过
化工群,化工_设备厂房托盘_260808_003.jpg,260808,微信图片_20260808123644_1341_149.jpg,364597,设备厂房托盘,高,,,,,,,,,,,,验收,无,,程序化,260822,已复核通过
化工群,化工_设备厂房托盘_260808_004.jpg,260808,微信图片_20260808123645_1342_149.jpg,317714,设备厂房托盘,高,,,,,,,,,,,,验收,无,,程序化,260822,已复核通过
化工群,化工_设备厂房托盘_260808_005.jpg,260808,微信图片_20260808123646_1343_149.jpg,336068,设备厂房托盘,高,,,,,,,,,,,,验收,无,,程序化,260822,已复核通过
化工群,化工_设备厂房托盘_260808_006.jpg,260808,微信图片_20260808123647_1344_149.jpg,332114,设备厂房托盘,高,,,,,,,,,,,,验收,无,,程序化,260822,已复核通过
化工群,化工_设备厂房托盘_260808_007.jpg,260808,微信图片_20260808123647_1345_149.jpg,213455,设备厂房托盘,高,,,,,,,,,,,,验收,无,,程序化,260822,已复核通过
化工群,化工_设备厂房托盘_260808_008.jpg,260808,微信图片_20260808123648_1346_149.jpg,257688,设备厂房托盘,高,,,,,,,,,,,,验收,无,,程序化,260822,已复核通过
化工群,化工_设备厂房托盘_260808_009.jpg,260808,微信图片_20260808123649_1347_149.jpg,224876,设备厂房托盘,高,,,,,,,,,,,,验收,无,,程序化,260822,已复核通过
化工群,化工_设备厂房托盘_260808_010.jpg,260808,微信图片_20260808123650_1348_149.jpg,260246,设备厂房托盘,高,,,,,,,,,,,,验收,无,,程序化,260822,已复核通过
化工群,化工_设备厂房托盘_260808_011.jpg,260808,微信图片_20260808123651_1349_149.jpg,276881,设备厂房托盘,高,,,,,,,,,,,,验收,无,,程序化,260822,已复核通过
化工群,化工_设备厂房托盘_260808_012.jpg,260808,微信图片_20260808123651_1350_149.jpg,337638,设备厂房托盘,高,,,,,,,,,,,,验收,无,,程序化,260822,已复核通过
化工群,化工_设备厂房托盘_260808_013.jpg,260808,微信图片_20260808123652_1351_149.jpg,304662,设备厂房托盘,高,,,,,,,,,,,,验收,无,,程序化,260822,已复核通过
化工群,化工_设备厂房托盘_260808_014.jpg,260808,微信图片_20260808123653_1352_149.jpg,305499,设备厂房托盘,高,,,,,,,,,,,,验收,无,,程序化,260822,已复核通过
化工群,化工_设备厂房托盘_260808_015.jpg,260808,微信图片_20260808123654_1353_149.jpg,295815,设备厂房托盘,高,,,,,,,,,,,,验收,无,,程序化,260822,已复核通过
化工群,化工_设备厂房托盘_260808_016.jpg,260808,微信图片_20260808123655_1354_149.jpg,216038,设备厂房托盘,高,,,,,,,,,,,,验收,无,,程序化,260822,已复核通过
化工群,化工_氯化铵新增检查井_260808_001.jpg,260808,微信图片_20260808150845_1355_149.jpg,473238,氯化铵新增检查井,高,,,,,,,,,,,,验收,无,,程序化,260822,已复核通过
化工群,化工_氯化铵新增检查井_260808_002.jpg,260808,微信图片_20260808150846_1356_149.jpg,538607,氯化铵新增检查井,高,,,,,,,,,,,,验收,无,,程序化,260822,已复核通过
化工群,化工_氯化铵新增检查井_260808_003.jpg,260808,微信图片_20260808150848_1357_149.jpg,353837,氯化铵新增检查井,高,,,,,,,,,,,,验收,无,,程序化,260822,已复核通过
化工群,化工_氯化铵新增检查井_260808_004.jpg,260808,微信图片_20260808150849_1358_149.jpg,468115,氯化铵新增检查井,高,,,,,,,,,,,,验收,无,,程序化,260822,已复核通过
化工群,化工_氯化铵新增检查井_260808_005.jpg,260808,微信图片_20260808150850_1359_149.jpg,363139,氯化铵新增检查井,高,,,,,,,,,,,,验收,无,,程序化,260822,已复核通过
化工群,化工_检查井角铁_260726_009.jpg,260726,新增1.jpg,564606,检查井角铁,高,,,,,,,,,,,,验收,无,,程序化,260822,已复核通过
化工群,化工_检查井角铁_260726_010.jpg,260726,新增2.jpg,577021,检查井角铁,高,,,,,,,,,,,,验收,无,,程序化,260822,已复核通过
化工群,化工_检查井角铁_260726_011.jpg,260726,新增3.jpg,454584,检查井角铁,高,,,,,,,,,,,,验收,无,,程序化,260822,已复核通过
化工群,化工_检查井角铁_260726_012.jpg,260726,新建4.jpg,557816,检查井角铁,高,,,,,,,,,,,,验收,无,,程序化,260822,已复核通过
化工群,化工_检查井角铁_260726_013.jpg,260726,新建5.jpg,519877,检查井角铁,高,,,,,,,,,,,,验收,无,,程序化,260822,已复核通过
化工群,化工_砂_260727_001.jpg,260727,117a70511011f5d65d050fd1447f05e3.jpg,626088,砂,高,,,,,,,,,,,,验收,无,,程序化,260822,已复核通过
化工群,化工_材料混凝土_260717_001.jpg,260717,13283c04d1f2fa4181bcfb957442a3b6.jpg,327458,材料混凝土,高,,,,,,,,,,,,验收,无,,程序化,260822,已复核通过
化工群,化工_材料混凝土_260717_002.jpg,260717,21d9728089ba98759a38c17ff6f666a7.jpg,472484,材料混凝土,高,,,,,,,,,,,,验收,无,,程序化,260822,已复核通过
化工群,化工_材料混凝土_260717_003.jpg,260717,23984c7e846a0c37a002c3c320c7cb9c.jpg,608686,材料混凝土,高,,,,,,,,,,,,验收,无,,程序化,260822,已复核通过
化工群,化工_水泥红砖_260716_001.jpg,260716,3b2953af6830264469524e77da90b977.jpg,756255,水泥红砖,高,,,,,,,,,,,,验收,无,,程序化,260822,已复核通过
化工群,化工_现场施工_260712_001.jpg,260712,42a0e1efe5fb8e147d2f50ed9aef1276.jpg,396874,现场施工,高,,,,,,,,,,,,施工,无,,程序化,260822,已复核通过
化工群,化工_现场施工_260712_002.jpg,260712,4bcce326e0db9efc1ba88642ef233966.jpg,330649,现场施工,高,,,,,,,,,,,,施工,无,,程序化,260822,已复核通过
化工群,化工_材料混凝土_260717_004.jpg,260717,4ea43d0dc7dedd028bec8379289dcb8f.jpg,3417394,材料混凝土,高,,,,,,,,,,,,验收,无,,程序化,260822,已复核通过
化工群,化工_水泥红砖_260716_002.jpg,260716,4f151442942d2a32fdce6c48da677a52.jpg,6661653,水泥红砖,高,,,,,,,,,,,,验收,无,,程序化,260822,已复核通过
化工群,化工_水泥红砖_260716_003.jpg,260716,5bd490f818e223134c315e47b3097c24.jpg,5977175,水泥红砖,高,,,,,,,,,,,,验收,无,,程序化,260822,已复核通过
化工群,化工_材料混凝土_260725_001.png,260725,5bed97e215b74d1a09b88ad753e5039c.png,43368,材料混凝土,高,,,,,,,,,,,,验收,无,,程序化,260822,已复核通过
化工群,化工_材料混凝土_260725_002.jpg,260725,60ac38f9c14fda250675fedd9b92c6d2.jpg,169461,材料混凝土,高,,,,,,,,,,,,验收,无,,程序化,260822,已复核通过
化工群,化工_材料混凝土_260801_001.png,260801,7.31.png,45047,材料混凝土,高,,,,,,,,,,,,验收,无,,程序化,260822,已复核通过
化工群,化工_现场施工_260712_003.jpg,260712,771cfbcf5e034a5082f1e0c5be016e68.jpg,414365,现场施工,高,,,,,,,,,,,,施工,无,,程序化,260822,已复核通过
化工群,化工_材料混凝土_260725_003.png,260725,79b6745ef54382b9d36e2fd0ae51b434.png,43940,材料混凝土,高,,,,,,,,,,,,验收,无,,程序化,260822,已复核通过
化工群,化工_材料混凝土_260717_005.jpg,260717,7f3ed3b4b462c286bb1475490470939b.jpg,558842,材料混凝土,高,,,,,,,,,,,,验收,无,,程序化,260822,已复核通过
化工群,化工_材料混凝土_260801_002.jpg,260801,81b07ee70e7c157100a610c45b260919.jpg,396855,材料混凝土,高,,,,,,,,,,,,验收,无,,程序化,260822,已复核通过
化工群,化工_材料混凝土_260717_006.jpg,260717,845d56d88970c8f82393fe2c5adeb3c2.jpg,510218,材料混凝土,高,,,,,,,,,,,,验收,无,,程序化,260822,已复核通过
化工群,化工_材料混凝土_260717_007.jpg,260717,9f96f5cf30d568de1231c925444e5e7e.jpg,457862,材料混凝土,高,,,,,,,,,,,,验收,无,,程序化,260822,已复核通过
化工群,化工_材料混凝土_260801_003.jpg,260801,a6c1c13ef27b186a6f22711649ba1aa5.jpg,547177,材料混凝土,高,,,,,,,,,,,,验收,无,,程序化,260822,已复核通过
化工群,化工_水泥红砖_260716_004.jpg,260716,abdfe9006293bf13627b3fb1cbd61213.jpg,6862959,水泥红砖,高,,,,,,,,,,,,验收,无,,程序化,260822,已复核通过
化工群,化工_材料混凝土_260717_008.png,260717,cc02fb23196fd84eb26489cbab06d5b2.png,40575,材料混凝土,高,,,,,,,,,,,,验收,无,,程序化,260822,已复核通过
化工群,化工_材料混凝土_260801_004.jpg,260801,cccef392901742f9bd3ca8ba8db0344f.jpg,550473,材料混凝土,高,,,,,,,,,,,,验收,无,,程序化,260822,已复核通过
化工群,化工_砂_260727_002.jpg,260727,d1b4f74705aaa190478eebd65193bb6b.jpg,317858,砂,高,,,,,,,,,,,,验收,无,,程序化,260822,已复核通过
化工群,化工_现场施工_260712_004.jpg,260712,e859f111f6364795720a8272730b2c01.jpg,458814,现场施工,高,,,,,,,,,,,,施工,无,,程序化,260822,已复核通过
化工群,化工_材料混凝土_260717_009.png,260717,ebf1ebbc68129b74377eecec57c8ec8d.png,40223,材料混凝土,高,,,,,,,,,,,,验收,无,,程序化,260822,已复核通过
化工群,化工_材料混凝土_260724_001.png,260724,eea2fca7a4bd8995555c9db9465ee170.png,43650,材料混凝土,高,,,,,,,,,,,,验收,无,,程序化,260822,已复核通过
化工群,化工_材料混凝土_260717_010.jpg,260717,fb99526f8513795d0379f579ffc09756.jpg,441746,材料混凝土,高,,,,,,,,,,,,验收,无,,程序化,260822,已复核通过
化工群,化工_图纸_260711_001.jpg,260711,805460456.935056_0.jpg,1463679,图纸,高,,,,,,,,,,,,验收,无,,程序化,260822,已复核通过
化工群,化工_图纸_260711_002.jpg,260711,805460456.935056_1.jpg,1350803,图纸,高,,,,,,,,,,,,验收,无,,程序化,260822,已复核通过
化工群,化工_图纸_260711_003.jpg,260711,805460456.935056_10.jpg,1086898,图纸,高,,,,,,,,,,,,验收,无,,程序化,260822,已复核通过
化工群,化工_图纸_260711_004.jpg,260711,805460456.935056_11.jpg,844024,图纸,高,,,,,,,,,,,,验收,无,,程序化,260822,已复核通过
化工群,化工_图纸_260711_005.jpg,260711,805460456.935056_2.jpg,2913668,图纸,高,,,,,,,,,,,,验收,无,,程序化,260822,已复核通过
化工群,化工_图纸_260711_006.jpg,260711,805460456.935056_3.jpg,2425575,图纸,高,,,,,,,,,,,,验收,无,,程序化,260822,已复核通过
化工群,化工_图纸_260711_007.jpg,260711,805460456.935056_4.jpg,2623097,图纸,高,,,,,,,,,,,,验收,无,,程序化,260822,已复核通过
化工群,化工_图纸_260711_008.jpg,260711,805460456.935056_5.jpg,2325199,图纸,高,,,,,,,,,,,,验收,无,,程序化,260822,已复核通过
化工群,化工_图纸_260711_009.jpg,260711,805460456.935056_6.jpg,1254932,图纸,高,,,,,,,,,,,,验收,无,,程序化,260822,已复核通过
化工群,化工_图纸_260711_010.jpg,260711,805460456.935056_7.jpg,1305983,图纸,高,,,,,,,,,,,,验收,无,,程序化,260822,已复核通过
化工群,化工_图纸_260711_011.jpg,260711,805460456.935056_8.jpg,800840,图纸,高,,,,,,,,,,,,验收,无,,程序化,260822,已复核通过
化工群,化工_图纸_260711_012.jpg,260711,805460456.935056_9.jpg,1004002,图纸,高,,,,,,,,,,,,验收,无,,程序化,260822,已复核通过
化工群,化工_图纸_260703_001.jpg,260703,80e06db8b973dadd36a5594d4820aa66.jpg,306115,图纸,高,,,,,,,,,,,,验收,无,,程序化,260822,已复核通过
